LSOA_code,predicted_value
E01000001,0.133719
E01000002,0.760988
E01000003,1.120847
E01000005,0.795209
E01000006,0.866553
E01000007,1.506352
E01000008,4.666187
E01000009,1.623716
E01000010,0.000000
E01000011,0.925370
E01000012,-0.000000
E01000013,1.750283
E01000014,2.374018
E01000015,1.007194
E01000016,0.801408
E01000017,0.965609
E01000018,0.000000
E01000019,0.186678
E01000020,1.000000
E01000021,0.078499
E01000022,0.000000
E01000023,-0.202178
E01000024,0.931270
E01000025,0.154747
E01000027,1.239704
E01000028,-0.588392
E01000029,0.000000
E01000030,0.761146
E01000031,0.117519
E01000032,1.744773
E01000033,-0.326325
E01000034,-0.283015
E01000035,1.295078
E01000036,-1.362309
E01000037,0.867543
E01000038,1.139640
E01000039,-0.824900
E01000040,0.858320
E01000041,0.148830
E01000042,1.806173
E01000043,0.972137
E01000044,0.792384
E01000045,0.000000
E01000046,-0.288958
E01000048,-0.083143
E01000049,1.726229
E01000050,1.142380
E01000051,2.190621
E01000052,2.504374
E01000053,-0.406041
E01000054,-0.120983
E01000055,-0.206480
E01000056,0.000000
E01000057,-0.702895
E01000058,0.000000
E01000059,-0.281987
E01000060,-1.346617
E01000061,0.534009
E01000062,0.789070
E01000063,-0.000000
E01000064,-0.672846
E01000065,-0.000000
E01000066,0.781858
E01000067,1.708660
E01000068,1.645142
E01000069,-0.249024
E01000070,4.227263
E01000071,0.103592
E01000072,0.785011
E01000073,-0.506444
E01000074,-0.440299
E01000075,2.000000
E01000076,-0.034119
E01000077,1.000000
E01000078,2.135814
E01000079,-0.257776
E01000080,0.162808
E01000081,0.005230
E01000082,1.585944
E01000083,-0.187424
E01000084,0.049013
E01000085,3.092926
E01000086,-0.103658
E01000087,2.861633
E01000088,-0.205886
E01000089,0.319661
E01000090,-0.866167
E01000091,-1.310197
E01000092,-0.107345
E01000093,0.870159
E01000094,0.000000
E01000095,0.972362
E01000096,1.000000
E01000097,-1.919251
E01000098,4.719053
E01000099,0.000000
E01000100,-0.171193
E01000101,2.585189
E01000102,0.619100
E01000103,1.986957
E01000104,2.397566
E01000105,2.000000
E01000106,6.145181
E01000107,2.867244
E01000108,2.371429
E01000109,0.000000
E01000110,-0.109357
E01000111,1.000000
E01000112,0.028527
E01000113,1.955223
E01000114,-1.000000
E01000115,0.000000
E01000116,-0.102920
E01000117,0.285474
E01000118,0.285030
E01000119,0.772752
E01000120,-0.165348
E01000121,-0.000000
E01000122,0.198683
E01000123,0.659292
E01000124,0.538354
E01000125,-0.000000
E01000126,0.000000
E01000127,-0.198406
E01000128,-2.986246
E01000129,-0.029730
E01000130,-0.219959
E01000131,0.800554
E01000132,4.471187
E01000133,-2.385287
E01000134,0.348664
E01000135,-0.576361
E01000136,3.850820
E01000137,1.398709
E01000138,0.868395
E01000139,0.291667
E01000140,1.494121
E01000141,3.287379
E01000142,2.635611
E01000143,3.119527
E01000144,-0.052897
E01000145,0.992194
E01000146,-1.543027
E01000147,7.004629
E01000148,-0.000000
E01000150,0.878041
E01000151,-0.316839
E01000152,0.000000
E01000153,-0.428797
E01000154,1.309857
E01000155,-0.000000
E01000156,0.655061
E01000157,-0.695090
E01000158,-0.696746
E01000159,-1.445643
E01000160,1.712538
E01000161,-0.010765
E01000162,-1.576751
E01000163,0.336922
E01000164,1.372372
E01000165,0.989718
E01000166,0.596830
E01000167,0.171071
E01000168,0.767920
E01000169,1.000000
E01000170,2.155224
E01000171,2.560321
E01000172,-0.000003
E01000173,-0.096677
E01000174,-0.151231
E01000175,4.000000
E01000176,0.478246
E01000177,1.763857
E01000178,0.954835
E01000179,1.034865
E01000180,-0.140685
E01000181,2.348622
E01000182,2.024773
E01000183,0.565988
E01000184,2.000000
E01000185,-0.219897
E01000186,-0.180979
E01000187,0.965094
E01000188,0.190268
E01000189,2.839508
E01000190,0.846176
E01000191,-0.010992
E01000192,-1.000000
E01000193,5.954369
E01000194,3.943557
E01000195,2.892693
E01000196,0.120974
E01000197,-0.087308
E01000198,2.828839
E01000199,1.102071
E01000200,1.675467
E01000201,2.193944
E01000202,0.597948
E01000203,1.869086
E01000204,4.965949
E01000205,3.310482
E01000206,-3.680526
E01000207,0.352749
E01000208,1.241189
E01000209,-0.000000
E01000210,-1.375287
E01000211,1.000000
E01000212,-0.749390
E01000213,1.143388
E01000214,3.080077
E01000215,0.649554
E01000216,3.259945
E01000217,1.563858
E01000218,2.461545
E01000219,0.052008
E01000220,-0.587114
E01000221,1.575466
E01000222,-0.000000
E01000223,4.998958
E01000224,1.600004
E01000225,0.659497
E01000226,1.602757
E01000227,1.588270
E01000228,1.757889
E01000229,4.286518
E01000230,2.161023
E01000231,0.669324
E01000232,2.899146
E01000233,0.727673
E01000234,1.089279
E01000235,-0.103777
E01000236,2.772983
E01000237,0.313270
E01000238,0.596674
E01000239,3.000000
E01000240,-0.261246
E01000241,-0.189324
E01000242,0.506413
E01000243,1.291788
E01000244,2.635384
E01000245,5.379412
E01000246,0.358962
E01000247,0.295079
E01000248,0.399145
E01000249,0.660450
E01000250,1.223611
E01000251,0.848119
E01000252,4.092123
E01000253,0.027384
E01000254,1.667174
E01000255,1.365365
E01000256,0.323110
E01000257,1.000000
E01000258,0.375000
E01000259,-0.183792
E01000260,0.457369
E01000261,0.260987
E01000262,0.000000
E01000263,0.596071
E01000264,2.082260
E01000265,-0.110607
E01000266,-3.378586
E01000267,0.399846
E01000268,3.000000
E01000269,0.926733
E01000270,1.408436
E01000271,1.000000
E01000272,0.119857
E01000273,0.000000
E01000274,0.411757
E01000275,0.251677
E01000276,-0.098446
E01000277,0.000000
E01000278,1.205859
E01000279,-0.680196
E01000280,0.309489
E01000281,0.923488
E01000282,0.264696
E01000283,0.000000
E01000284,1.033189
E01000285,0.816593
E01000286,-0.492170
E01000287,-0.000000
E01000288,0.455722
E01000289,0.312411
E01000290,0.084701
E01000291,0.000000
E01000292,0.550021
E01000293,-0.000000
E01000294,1.214280
E01000295,-2.059676
E01000296,1.937419
E01000297,1.081601
E01000298,1.522346
E01000299,1.314760
E01000300,0.499943
E01000301,0.349386
E01000302,-0.669094
E01000303,1.160751
E01000304,0.064545
E01000305,0.874543
E01000306,-0.000000
E01000307,0.668541
E01000308,1.237112
E01000309,-0.707366
E01000310,5.150527
E01000311,0.000000
E01000312,2.876121
E01000313,0.555550
E01000314,-0.605815
E01000315,1.332091
E01000316,0.100890
E01000317,1.000000
E01000318,0.176668
E01000319,0.677111
E01000320,0.371425
E01000321,1.184841
E01000322,0.717427
E01000323,1.632415
E01000324,2.074308
E01000325,0.523305
E01000326,2.901305
E01000327,1.636370
E01000328,-0.000000
E01000329,3.771030
E01000330,0.000000
E01000331,-0.014013
E01000332,-0.351048
E01000333,-1.165154
E01000334,-0.187669
E01000335,3.301820
E01000336,1.779285
E01000337,0.496993
E01000338,1.748497
E01000339,-0.000066
E01000340,0.000000
E01000341,0.524708
E01000342,-0.243785
E01000343,1.723574
E01000344,-0.000000
E01000345,0.862297
E01000346,0.935130
E01000347,1.830727
E01000348,0.095846
E01000349,0.161987
E01000350,-0.064940
E01000351,-0.076116
E01000352,0.267864
E01000353,-0.592293
E01000354,1.250015
E01000355,1.435668
E01000356,-4.538252
E01000357,4.120520
E01000358,0.820651
E01000359,-0.022002
E01000360,1.378084
E01000361,0.457905
E01000362,-0.192559
E01000363,0.810354
E01000364,0.121130
E01000365,0.000000
E01000366,1.526424
E01000367,1.649638
E01000368,-2.346291
E01000369,0.000000
E01000370,-0.313231
E01000371,0.332794
E01000372,0.000000
E01000373,2.546745
E01000374,3.375005
E01000375,0.131911
E01000376,2.538141
E01000377,1.000000
E01000378,0.001441
E01000379,0.666674
E01000380,1.821984
E01000381,-1.040018
E01000382,-0.535446
E01000383,-0.796434
E01000384,-0.455078
E01000385,2.198811
E01000386,1.000000
E01000387,0.000000
E01000388,0.627446
E01000389,1.078988
E01000390,0.612651
E01000391,0.102563
E01000392,1.025615
E01000393,3.661022
E01000394,-0.999999
E01000395,-0.426892
E01000396,0.229381
E01000398,-1.237154
E01000399,1.310362
E01000400,6.498893
E01000401,-0.441753
E01000402,-0.056083
E01000403,-1.180024
E01000404,0.237216
E01000405,0.387785
E01000406,2.318190
E01000407,0.870528
E01000408,2.115517
E01000409,-0.000000
E01000410,0.396710
E01000411,0.110885
E01000412,-0.053679
E01000413,0.811671
E01000414,0.049799
E01000415,1.000000
E01000416,0.688499
E01000417,-0.053515
E01000418,1.254672
E01000419,0.156953
E01000420,0.701869
E01000421,0.413186
E01000422,0.000000
E01000423,0.128636
E01000424,1.664976
E01000425,1.486457
E01000426,-0.114696
E01000427,0.835836
E01000428,-0.681303
E01000429,1.453256
E01000430,0.713369
E01000431,0.000000
E01000432,-0.095212
E01000433,-0.000000
E01000434,0.016026
E01000435,1.000000
E01000436,-0.000000
E01000437,-0.000000
E01000438,0.153193
E01000439,2.776839
E01000440,0.037046
E01000441,1.543621
E01000442,0.615389
E01000443,1.052779
E01000444,2.355908
E01000445,0.799987
E01000446,-0.053968
E01000447,-1.000000
E01000448,-0.561868
E01000449,0.290517
E01000450,3.319808
E01000451,0.723084
E01000452,0.536367
E01000453,2.006888
E01000454,0.000000
E01000455,0.466666
E01000456,1.000000
E01000457,-0.932581
E01000458,-0.689316
E01000459,-0.000000
E01000460,1.445577
E01000461,-0.451155
E01000462,0.373134
E01000463,-0.148934
E01000464,0.601745
E01000465,-0.375903
E01000466,-0.812668
E01000467,1.299434
E01000468,2.761626
E01000469,0.920931
E01000470,-3.174731
E01000471,-0.070452
E01000472,8.407160
E01000473,0.729597
E01000474,-0.000000
E01000475,0.611745
E01000476,0.377283
E01000477,0.950891
E01000478,0.177867
E01000479,0.089876
E01000480,0.000000
E01000481,-0.649008
E01000482,-0.000000
E01000483,0.193780
E01000484,-0.992474
E01000485,-0.487745
E01000486,0.646212
E01000487,1.948747
E01000488,-1.565182
E01000489,-1.536369
E01000490,-0.932992
E01000491,1.453321
E01000492,1.890829
E01000493,-3.911363
E01000494,-0.102465
E01000495,0.298911
E01000497,0.741321
E01000498,-0.458333
E01000499,1.339447
E01000501,2.046383
E01000502,3.024123
E01000503,0.642701
E01000504,0.692616
E01000505,0.664267
E01000506,-1.002853
E01000507,-1.102205
E01000508,-1.365859
E01000509,0.237342
E01000510,0.058471
E01000511,-0.558054
E01000512,-1.000000
E01000513,-0.106189
E01000514,-0.949530
E01000515,2.746079
E01000516,0.955973
E01000517,0.868304
E01000518,0.256579
E01000519,1.505224
E01000520,2.335316
E01000521,2.438815
E01000522,-2.653367
E01000523,-1.254006
E01000524,-1.073297
E01000525,-0.341824
E01000526,4.799925
E01000527,2.500003
E01000528,-0.615031
E01000530,0.320427
E01000531,1.634660
E01000532,0.511956
E01000533,-0.912662
E01000534,1.010064
E01000535,0.814819
E01000536,1.260762
E01000538,-0.000000
E01000539,0.000000
E01000540,1.036840
E01000541,1.333343
E01000543,1.756672
E01000544,0.590684
E01000545,3.825842
E01000546,-1.145474
E01000547,0.716643
E01000548,0.997024
E01000549,-0.855796
E01000550,3.693326
E01000551,3.517975
E01000552,-2.816408
E01000553,-0.025255
E01000554,-0.393595
E01000555,-1.357148
E01000556,-0.732763
E01000557,1.000482
E01000558,1.000000
E01000559,2.399492
E01000560,-0.055486
E01000561,0.995776
E01000562,-1.269017
E01000563,-2.141712
E01000564,0.160065
E01000565,-0.205602
E01000566,0.000000
E01000567,0.135164
E01000568,2.879942
E01000569,1.335826
E01000570,-0.310558
E01000571,-0.444811
E01000572,0.402272
E01000573,0.199996
E01000574,-1.108131
E01000575,1.544657
E01000576,0.000000
E01000577,1.000000
E01000578,-0.030027
E01000579,0.032394
E01000580,0.639889
E01000581,0.006678
E01000582,0.264499
E01000583,1.150502
E01000584,0.261790
E01000585,-0.642761
E01000586,-0.000000
E01000587,0.000000
E01000588,0.000000
E01000589,1.468617
E01000590,1.536571
E01000591,-0.146347
E01000592,0.108420
E01000593,0.404101
E01000594,6.831900
E01000595,0.770484
E01000596,0.555145
E01000599,0.478181
E01000600,-0.000000
E01000601,-1.840923
E01000602,0.614551
E01000603,-0.141024
E01000604,-0.474334
E01000605,1.068052
E01000606,0.372481
E01000607,0.000000
E01000608,0.300943
E01000609,0.630651
E01000610,0.933139
E01000611,-0.117017
E01000612,0.274667
E01000613,0.418555
E01000615,1.391697
E01000616,2.411176
E01000617,-0.280507
E01000618,0.498387
E01000619,1.271777
E01000620,-2.050003
E01000621,1.016730
E01000622,2.000000
E01000623,-1.908556
E01000624,-0.297407
E01000625,2.170967
E01000626,-0.588241
E01000627,0.500595
E01000628,1.899544
E01000629,0.143240
E01000630,0.000000
E01000631,1.179345
E01000632,1.156375
E01000633,2.411408
E01000634,0.200167
E01000635,-0.005491
E01000636,0.272826
E01000637,-1.358813
E01000638,0.000000
E01000639,1.231142
E01000640,0.000000
E01000641,-0.175863
E01000642,0.711191
E01000643,-0.062794
E01000644,0.521736
E01000645,4.000700
E01000646,2.118263
E01000647,-1.387230
E01000648,-0.072354
E01000649,0.235345
E01000650,1.000000
E01000651,-1.083086
E01000652,0.700000
E01000653,-0.672380
E01000654,0.838938
E01000655,0.058171
E01000656,-0.952674
E01000657,0.348753
E01000658,-0.074655
E01000659,0.424127
E01000661,1.318261
E01000662,-0.696851
E01000663,-0.329272
E01000664,0.488129
E01000665,0.412541
E01000666,0.740453
E01000667,-0.238814
E01000668,-0.303435
E01000669,0.448462
E01000670,0.389232
E01000671,1.438599
E01000672,0.120191
E01000673,1.395301
E01000674,1.184535
E01000675,-0.001133
E01000676,2.000000
E01000677,-0.230325
E01000678,1.996526
E01000679,-0.307810
E01000680,2.618815
E01000681,-1.396352
E01000682,1.026188
E01000683,-0.201725
E01000684,1.846708
E01000685,0.659830
E01000686,0.079570
E01000687,0.397014
E01000688,0.120437
E01000689,1.918944
E01000690,0.167450
E01000691,1.521875
E01000692,-0.999514
E01000693,0.877176
E01000694,2.787433
E01000695,2.878945
E01000696,0.032772
E01000697,-0.339700
E01000698,0.247675
E01000699,0.413263
E01000700,0.000000
E01000701,0.450404
E01000702,1.185968
E01000703,1.275503
E01000704,0.249478
E01000705,-3.571998
E01000706,-0.741918
E01000707,2.976327
E01000708,-0.252923
E01000709,0.180083
E01000710,-1.396781
E01000711,0.635076
E01000712,2.000000
E01000713,0.930009
E01000714,3.795802
E01000715,0.000000
E01000716,-1.000000
E01000717,-0.000000
E01000718,0.928210
E01000719,2.063503
E01000720,1.837659
E01000721,2.432840
E01000722,-0.140244
E01000723,0.178571
E01000724,1.949936
E01000725,-0.520577
E01000726,0.000000
E01000727,1.796727
E01000728,0.439339
E01000729,2.338562
E01000730,2.362388
E01000731,-0.319180
E01000732,0.970149
E01000733,-0.397691
E01000734,0.116170
E01000735,0.666667
E01000736,2.476055
E01000737,0.073443
E01000738,0.000000
E01000739,-0.160805
E01000740,-0.592482
E01000741,3.187374
E01000742,2.904734
E01000743,0.664139
E01000744,-1.319183
E01000745,0.842320
E01000746,1.262573
E01000747,8.548917
E01000748,0.498275
E01000749,4.956931
E01000750,0.001124
E01000751,-0.960980
E01000752,1.018007
E01000753,0.000000
E01000754,-1.619415
E01000755,0.388380
E01000756,1.240921
E01000757,1.741980
E01000758,0.000000
E01000759,-1.154291
E01000760,1.103157
E01000761,-2.317783
E01000762,-0.111872
E01000763,-0.340866
E01000764,-0.946921
E01000765,-0.625000
E01000766,-0.000000
E01000767,0.375241
E01000768,0.480125
E01000769,0.062127
E01000770,2.017644
E01000771,0.000000
E01000772,2.715946
E01000773,0.120557
E01000774,-0.385971
E01000775,-0.639138
E01000777,-3.085052
E01000778,-0.057896
E01000779,8.397366
E01000780,-0.019679
E01000781,0.295617
E01000782,0.156946
E01000783,1.123912
E01000784,0.088086
E01000785,-0.000000
E01000786,-2.000000
E01000787,-0.152689
E01000788,-0.421200
E01000789,0.299907
E01000790,2.188482
E01000791,-0.570794
E01000792,0.137673
E01000793,1.500031
E01000794,-0.729461
E01000795,-0.414477
E01000796,1.725995
E01000797,-2.841306
E01000798,0.107693
E01000799,-0.698955
E01000800,0.256285
E01000801,1.166787
E01000802,0.063465
E01000803,0.173903
E01000804,-1.741025
E01000805,-0.103733
E01000806,3.556288
E01000807,1.189988
E01000808,-0.419342
E01000809,-0.004228
E01000810,0.647183
E01000811,-0.957638
E01000812,0.368531
E01000813,-1.724425
E01000814,1.114125
E01000815,-0.000000
E01000816,-1.207235
E01000818,-0.179504
E01000819,-1.033703
E01000820,0.000000
E01000822,0.383638
E01000823,0.434173
E01000824,-1.799577
E01000825,-0.948177
E01000826,2.000000
E01000827,0.808665
E01000828,0.565251
E01000829,0.573826
E01000830,-0.000000
E01000831,-2.277145
E01000832,0.143862
E01000833,1.515973
E01000835,-2.938960
E01000836,-0.052767
E01000837,2.791861
E01000838,-0.401040
E01000839,-0.250889
E01000840,-0.856434
E01000841,0.720548
E01000842,-3.267179
E01000843,0.308623
E01000844,1.683206
E01000845,0.535603
E01000846,1.014115
E01000847,0.349219
E01000848,-0.286074
E01000849,1.330168
E01000850,1.623177
E01000851,-0.400087
E01000852,-0.026840
E01000853,-1.449822
E01000854,0.063033
E01000855,1.000000
E01000856,3.650894
E01000857,0.035286
E01000858,3.527508
E01000859,0.000000
E01000860,1.083569
E01000861,2.771242
E01000862,-0.289440
E01000863,2.347959
E01000864,0.000000
E01000865,-0.000000
E01000866,0.451495
E01000867,3.136578
E01000868,0.654864
E01000869,1.755110
E01000870,0.212117
E01000871,-1.481848
E01000872,0.133109
E01000873,0.731974
E01000874,1.763473
E01000875,3.009281
E01000876,0.358372
E01000877,2.000000
E01000878,-0.053749
E01000879,0.638941
E01000880,1.552866
E01000881,2.000000
E01000882,-0.188722
E01000883,0.943458
E01000884,-0.854183
E01000885,-0.039722
E01000886,2.352219
E01000887,1.876141
E01000888,-1.913646
E01000889,-0.520970
E01000890,2.494375
E01000891,-1.510652
E01000892,1.721449
E01000893,0.590528
E01000894,-0.547982
E01000895,1.456233
E01000896,0.849393
E01000897,-0.213370
E01000898,-0.214837
E01000899,-2.449943
E01000900,1.986005
E01000901,-0.652913
E01000902,-0.289187
E01000903,0.340257
E01000904,2.484085
E01000905,0.198465
E01000906,-0.503492
E01000907,1.391857
E01000908,-0.850259
E01000909,3.057099
E01000910,0.324951
E01000911,0.000000
E01000912,1.135288
E01000913,0.783506
E01000914,0.961874
E01000915,1.000000
E01000916,5.804222
E01000917,0.102795
E01000918,12.069873
E01000919,11.308839
E01000920,4.032264
E01000921,5.288436
E01000922,-0.585833
E01000923,1.353322
E01000924,0.304526
E01000925,0.000000
E01000926,0.790058
E01000927,1.921187
E01000928,0.798747
E01000929,1.037214
E01000930,0.186114
E01000931,-8.550902
E01000932,0.000000
E01000933,2.401226
E01000934,3.179208
E01000935,1.423595
E01000936,-0.056357
E01000937,1.390409
E01000938,4.627442
E01000939,1.538348
E01000940,-0.291667
E01000941,-0.525560
E01000942,4.572896
E01000943,-0.729306
E01000944,1.409621
E01000945,-0.583333
E01000946,0.679965
E01000947,11.724353
E01000948,-1.195319
E01000949,0.912333
E01000950,-0.249849
E01000951,-0.814742
E01000952,2.000000
E01000953,0.000000
E01000954,-0.062384
E01000955,1.623021
E01000956,0.381538
E01000957,0.967170
E01000958,0.989836
E01000959,1.295753
E01000960,1.210523
E01000961,1.850179
E01000962,1.521821
E01000963,0.009250
E01000964,2.000000
E01000965,-0.561767
E01000966,0.000000
E01000967,2.000580
E01000968,1.792070
E01000969,3.365864
E01000970,3.982374
E01000971,0.198421
E01000972,3.355741
E01000973,5.000000
E01000974,1.537065
E01000975,3.225840
E01000976,5.796436
E01000977,2.982904
E01000978,1.680235
E01000979,4.225033
E01000980,1.133221
E01000981,-0.542340
E01000982,1.235196
E01000983,1.621220
E01000984,2.100726
E01000985,-0.104833
E01000986,3.711739
E01000987,0.000000
E01000989,0.156623
E01000990,0.104366
E01000991,0.405940
E01000992,1.364387
E01000993,0.129868
E01000994,-0.988719
E01000995,0.695886
E01000996,-0.198660
E01000997,-0.112450
E01000998,0.105450
E01000999,1.000000
E01001000,-0.232128
E01001001,-0.208344
E01001002,0.144814
E01001003,0.033793
E01001004,1.695160
E01001005,-0.426997
E01001006,1.655912
E01001007,0.179820
E01001008,-0.207823
E01001009,0.327026
E01001010,1.032257
E01001011,0.000867
E01001012,0.828070
E01001013,0.914131
E01001014,0.000000
E01001015,0.484407
E01001016,1.454549
E01001017,-1.306999
E01001018,0.075060
E01001019,-0.139439
E01001020,0.625167
E01001021,0.405822
E01001022,0.063021
E01001023,0.904640
E01001024,0.046903
E01001025,0.141215
E01001026,0.036317
E01001027,0.168299
E01001028,-0.559069
E01001029,-0.522687
E01001030,0.000000
E01001031,1.021388
E01001032,0.000000
E01001033,1.627887
E01001034,4.170270
E01001035,2.229159
E01001036,0.483227
E01001037,2.468595
E01001038,-0.197810
E01001039,-0.000000
E01001040,0.743690
E01001041,-0.413698
E01001042,2.951986
E01001043,-0.009036
E01001044,-3.848366
E01001045,-0.000000
E01001046,-0.472937
E01001047,1.869132
E01001048,-0.390754
E01001049,-0.643982
E01001050,-0.971241
E01001051,0.934055
E01001053,-1.000000
E01001054,0.013041
E01001055,0.497149
E01001056,-0.090636
E01001057,0.072440
E01001058,-0.135298
E01001059,-0.044587
E01001060,-0.291667
E01001061,-0.746531
E01001062,-0.207802
E01001063,-0.006245
E01001064,-0.466094
E01001065,1.008150
E01001066,1.596304
E01001067,3.947127
E01001068,-1.773595
E01001069,-0.834724
E01001070,0.885621
E01001071,0.493313
E01001072,0.076585
E01001073,-1.676675
E01001074,-0.042733
E01001075,0.369498
E01001076,-0.000000
E01001077,-0.726223
E01001078,-0.375000
E01001079,-0.320758
E01001080,0.068573
E01001081,1.000000
E01001082,-0.962011
E01001083,0.043120
E01001084,3.406887
E01001085,-1.758985
E01001086,-2.535864
E01001087,0.137283
E01001088,0.568019
E01001089,3.954493
E01001090,1.000000
E01001091,1.023704
E01001092,1.334206
E01001093,1.024390
E01001094,0.707234
E01001095,2.226743
E01001096,-1.745811
E01001097,1.553395
E01001098,0.812067
E01001099,1.057430
E01001100,0.000000
E01001101,-0.189724
E01001102,0.233673
E01001103,-0.000000
E01001104,2.247833
E01001105,-0.140482
E01001106,1.161882
E01001107,1.701137
E01001108,0.212106
E01001109,2.711673
E01001110,2.375000
E01001111,0.400165
E01001112,2.311250
E01001113,0.267238
E01001114,-0.029714
E01001115,0.124374
E01001116,3.562007
E01001117,0.000000
E01001118,6.208641
E01001119,0.751534
E01001120,2.464669
E01001121,1.000000
E01001122,2.232573
E01001123,0.579015
E01001124,-0.071199
E01001125,-0.499798
E01001126,-0.050909
E01001127,-1.288765
E01001128,-0.000000
E01001129,0.939903
E01001130,-0.000000
E01001131,-0.209690
E01001132,-0.334865
E01001133,3.122472
E01001134,0.000000
E01001135,0.228844
E01001136,-0.396165
E01001137,0.562806
E01001138,-1.485277
E01001139,2.468644
E01001140,-0.015040
E01001141,0.000000
E01001142,0.579645
E01001143,0.000000
E01001144,0.334291
E01001145,-0.322856
E01001146,1.216807
E01001147,-0.501609
E01001148,0.510032
E01001149,0.000000
E01001150,-0.016702
E01001151,0.568257
E01001152,-0.706501
E01001153,0.167648
E01001154,0.781896
E01001155,2.672675
E01001156,0.346961
E01001157,2.520479
E01001158,0.068991
E01001159,0.050830
E01001160,-1.963721
E01001161,-0.000000
E01001162,0.197580
E01001163,1.169777
E01001164,2.000000
E01001165,-0.418798
E01001166,0.781085
E01001167,-0.081818
E01001168,0.501893
E01001169,-1.059968
E01001170,1.000000
E01001171,3.284801
E01001172,0.295140
E01001173,1.389333
E01001174,0.734844
E01001175,2.000000
E01001176,0.939979
E01001177,0.528560
E01001178,3.518454
E01001179,0.229589
E01001180,0.522860
E01001181,5.108690
E01001182,1.605935
E01001183,2.351668
E01001184,1.173744
E01001185,0.588665
E01001186,0.271928
E01001187,-2.487070
E01001188,-0.505764
E01001189,-0.133727
E01001190,1.335651
E01001191,0.315584
E01001192,-0.000000
E01001193,-1.484152
E01001194,1.353495
E01001195,0.328555
E01001196,3.000000
E01001197,0.649099
E01001198,-0.878598
E01001199,-0.118351
E01001200,-0.506753
E01001201,0.196357
E01001202,2.594848
E01001203,-1.597269
E01001204,2.374196
E01001205,-0.503625
E01001206,0.503759
E01001207,-0.480910
E01001208,0.431100
E01001209,-0.279123
E01001210,1.454548
E01001211,0.000000
E01001212,1.000000
E01001213,0.186572
E01001214,0.000000
E01001215,2.000000
E01001216,1.772859
E01001217,-0.166667
E01001218,0.319286
E01001219,3.000000
E01001220,2.382873
E01001221,-0.000000
E01001222,-0.187872
E01001223,0.000000
E01001224,-0.098200
E01001225,2.051192
E01001226,1.331413
E01001227,2.038943
E01001228,1.475568
E01001229,2.866511
E01001230,0.191027
E01001231,1.364520
E01001232,-0.436684
E01001233,0.087801
E01001234,0.362391
E01001235,-1.300507
E01001236,-0.223829
E01001237,0.697525
E01001238,-1.979734
E01001239,0.333333
E01001240,1.954120
E01001241,-0.424732
E01001242,-0.762596
E01001243,0.594067
E01001244,0.633528
E01001245,-0.669720
E01001246,4.131767
E01001247,0.779002
E01001248,4.894719
E01001249,1.906901
E01001250,0.572501
E01001251,-0.404351
E01001252,1.223466
E01001253,1.116191
E01001254,2.164322
E01001255,-0.050930
E01001257,1.167957
E01001258,2.220685
E01001259,0.000000
E01001260,0.000000
E01001261,0.821820
E01001262,0.355587
E01001263,0.738516
E01001264,-0.935127
E01001265,0.410626
E01001266,0.326129
E01001267,1.000000
E01001268,-0.730048
E01001269,0.817205
E01001270,0.338195
E01001271,1.870301
E01001272,0.371338
E01001273,0.257142
E01001274,0.104437
E01001275,1.333299
E01001276,0.528248
E01001277,0.527671
E01001278,4.582673
E01001279,-0.498415
E01001280,0.780632
E01001281,-0.000000
E01001282,0.990069
E01001283,1.209816
E01001284,0.609566
E01001285,-0.965356
E01001286,1.419153
E01001287,-0.939612
E01001288,-0.082382
E01001289,0.296026
E01001290,-0.000000
E01001291,-0.405895
E01001292,-0.630488
E01001293,0.688756
E01001294,3.000071
E01001295,0.100879
E01001296,-0.037615
E01001297,0.662379
E01001298,-3.252822
E01001299,-1.101699
E01001300,0.000000
E01001301,3.298419
E01001302,-0.052088
E01001303,2.469251
E01001304,-0.795296
E01001305,-0.915400
E01001306,2.326419
E01001307,4.196391
E01001308,-1.328438
E01001309,2.815178
E01001310,1.359657
E01001311,0.369476
E01001312,-0.164052
E01001313,0.094034
E01001314,0.249624
E01001315,0.000000
E01001316,1.518493
E01001317,0.698107
E01001318,-0.785437
E01001319,0.091629
E01001320,0.219776
E01001321,1.217144
E01001322,1.494776
E01001323,5.116448
E01001324,-0.333346
E01001325,1.446856
E01001326,-1.090337
E01001327,0.671796
E01001328,1.512539
E01001329,0.418530
E01001330,2.454839
E01001331,-0.564025
E01001332,0.000000
E01001333,5.332600
E01001334,3.000000
E01001335,0.501270
E01001336,-2.038770
E01001337,1.000000
E01001338,0.516115
E01001339,0.358694
E01001340,-0.036187
E01001341,0.058691
E01001342,0.233653
E01001343,0.750000
E01001344,-0.287800
E01001345,1.744384
E01001346,1.090591
E01001347,3.214533
E01001348,0.130551
E01001349,4.000000
E01001350,0.600795
E01001351,1.099787
E01001352,3.095717
E01001353,1.335061
E01001354,-0.441193
E01001355,0.399999
E01001356,2.346306
E01001357,1.327525
E01001358,-0.802824
E01001359,1.356816
E01001360,0.731305
E01001361,6.052753
E01001362,8.207154
E01001363,0.803925
E01001364,0.260324
E01001365,0.025391
E01001366,2.709031
E01001367,-2.000000
E01001368,-1.188643
E01001369,1.076905
E01001370,-3.953136
E01001371,-0.750000
E01001372,-1.275793
E01001373,0.247096
E01001374,-1.374141
E01001375,0.906802
E01001376,0.952416
E01001377,0.413422
E01001379,-0.104574
E01001380,3.010674
E01001381,2.403159
E01001382,-0.406940
E01001383,0.610061
E01001384,-0.188159
E01001385,2.195572
E01001386,0.000000
E01001387,6.913714
E01001388,1.250232
E01001389,5.021138
E01001390,1.000000
E01001391,-1.293018
E01001392,-0.471962
E01001393,0.234075
E01001394,0.564003
E01001395,0.855806
E01001396,-1.116937
E01001397,1.129841
E01001398,1.693020
E01001399,0.658461
E01001400,0.839617
E01001401,0.384628
E01001402,1.209042
E01001403,0.000000
E01001404,1.225201
E01001405,1.638706
E01001406,0.000000
E01001407,-1.936106
E01001408,1.000000
E01001409,-0.000000
E01001410,1.013273
E01001411,0.836452
E01001412,0.406326
E01001413,-0.129771
E01001414,0.647295
E01001415,-1.603763
E01001416,1.459651
E01001417,4.399223
E01001418,1.396638
E01001419,1.439324
E01001420,1.066429
E01001421,2.426909
E01001422,-1.618723
E01001423,0.390095
E01001424,0.495206
E01001425,1.810047
E01001426,-0.109353
E01001427,0.976134
E01001428,-0.793047
E01001429,2.444984
E01001430,0.691136
E01001431,0.747950
E01001432,7.708333
E01001433,-2.183206
E01001434,1.604424
E01001435,0.199998
E01001436,1.000000
E01001437,-0.054737
E01001438,2.716798
E01001439,2.506875
E01001440,-0.137713
E01001441,1.109143
E01001442,-1.377178
E01001444,-0.843757
E01001445,1.910582
E01001446,3.938843
E01001447,0.655588
E01001448,-0.667943
E01001449,1.779122
E01001450,2.190355
E01001451,0.000000
E01001452,2.557380
E01001453,1.475761
E01001454,-0.264945
E01001455,0.234457
E01001456,0.820163
E01001457,-0.944692
E01001458,-1.074109
E01001459,-1.481521
E01001460,-0.105540
E01001461,4.358571
E01001462,0.000000
E01001463,-2.000000
E01001464,0.373404
E01001465,1.200445
E01001466,-0.184486
E01001467,1.430562
E01001468,2.705216
E01001469,1.573139
E01001470,2.316302
E01001471,0.638067
E01001472,1.933912
E01001473,-0.348618
E01001474,1.612892
E01001475,-0.458333
E01001476,1.501337
E01001477,1.391039
E01001478,0.000000
E01001479,1.136211
E01001480,2.757255
E01001481,1.980770
E01001482,2.456466
E01001483,-0.410512
E01001484,0.392608
E01001485,-0.388590
E01001486,1.233685
E01001487,-0.064502
E01001488,1.965547
E01001489,0.342376
E01001491,3.030614
E01001492,4.093103
E01001493,-1.000000
E01001494,1.671688
E01001495,1.377747
E01001496,2.179671
E01001497,1.519956
E01001498,0.616239
E01001499,2.200149
E01001500,-4.000000
E01001501,0.897023
E01001502,4.000000
E01001503,0.186239
E01001504,2.031312
E01001505,0.207056
E01001506,-0.380143
E01001507,2.439996
E01001508,1.188707
E01001509,3.259283
E01001510,0.317286
E01001511,3.186360
E01001512,0.069167
E01001513,-0.867641
E01001514,0.215436
E01001515,0.146632
E01001516,0.586329
E01001517,2.594806
E01001518,1.610927
E01001519,-0.002382
E01001520,-0.854882
E01001521,0.000000
E01001522,0.153746
E01001523,-0.228481
E01001524,0.217395
E01001525,-0.663824
E01001526,-0.246206
E01001527,2.829790
E01001528,2.452494
E01001529,1.611048
E01001530,2.439003
E01001531,0.827627
E01001532,0.000000
E01001533,0.331045
E01001534,4.173880
E01001535,3.051402
E01001536,-3.621124
E01001537,1.105646
E01001538,0.448158
E01001539,0.122195
E01001540,0.639525
E01001541,0.622389
E01001542,0.711538
E01001543,-1.280840
E01001544,1.483854
E01001545,0.184209
E01001546,0.037681
E01001547,0.993479
E01001548,0.199040
E01001549,-0.102267
E01001550,-1.554399
E01001551,1.443119
E01001552,0.000000
E01001553,0.477945
E01001554,-0.475784
E01001555,1.494408
E01001556,0.200583
E01001557,4.000000
E01001558,1.101312
E01001559,0.720222
E01001560,-1.577021
E01001562,1.371187
E01001563,5.124593
E01001564,3.833642
E01001565,-0.146509
E01001566,1.288366
E01001567,1.620840
E01001568,0.513774
E01001569,2.248142
E01001570,1.189680
E01001571,1.024730
E01001572,4.383228
E01001573,1.447813
E01001574,0.526316
E01001575,1.466664
E01001576,-1.850790
E01001577,-0.771081
E01001578,2.669240
E01001579,0.563346
E01001580,-0.610271
E01001581,-0.258044
E01001582,1.233359
E01001583,0.750005
E01001584,3.140479
E01001585,-0.596443
E01001586,0.238637
E01001587,0.807410
E01001588,0.000000
E01001589,0.221583
E01001590,-2.215672
E01001591,0.000000
E01001592,0.166667
E01001593,0.553679
E01001594,0.396985
E01001595,1.036569
E01001596,0.000996
E01001597,1.456649
E01001598,2.167478
E01001599,1.141958
E01001600,-1.155148
E01001601,0.000000
E01001602,0.208192
E01001603,0.996220
E01001604,0.290158
E01001605,0.963209
E01001606,-0.000000
E01001607,0.934689
E01001608,-0.019177
E01001609,6.331777
E01001610,-0.272166
E01001611,-0.670052
E01001613,0.421086
E01001614,-1.591885
E01001615,3.458841
E01001617,-0.567816
E01001618,-0.300952
E01001619,-0.352717
E01001620,3.567781
E01001621,0.544712
E01001623,0.793689
E01001624,1.079993
E01001625,1.593016
E01001629,2.001198
E01001631,1.828668
E01001632,1.795172
E01001633,-0.744132
E01001634,1.104981
E01001635,0.123187
E01001636,-1.125381
E01001637,1.437635
E01001638,-0.784995
E01001640,0.026902
E01001641,1.554771
E01001642,2.000000
E01001644,0.252336
E01001645,-0.362468
E01001646,-0.646353
E01001647,-0.817553
E01001648,1.693335
E01001649,1.075556
E01001650,0.861867
E01001651,-1.336258
E01001652,-1.747159
E01001653,-0.465252
E01001654,-0.188573
E01001655,0.454540
E01001656,1.806441
E01001657,-0.000000
E01001658,0.375000
E01001659,5.399622
E01001660,2.047522
E01001661,-0.199141
E01001662,0.638653
E01001664,2.000000
E01001665,-0.385912
E01001666,-1.744524
E01001667,-0.000653
E01001668,-0.013145
E01001669,4.548762
E01001671,1.743403
E01001672,0.125653
E01001673,2.701159
E01001674,1.620120
E01001675,-1.529533
E01001676,-0.014449
E01001677,2.000000
E01001678,0.743214
E01001679,0.370046
E01001680,1.805030
E01001681,-0.000000
E01001682,1.006446
E01001683,0.778766
E01001684,1.610746
E01001685,0.324145
E01001686,0.458825
E01001687,2.613519
E01001688,0.671130
E01001690,2.000000
E01001692,0.353067
E01001693,3.377449
E01001694,0.000000
E01001695,-0.798594
E01001696,1.947873
E01001697,0.932754
E01001698,-0.755790
E01001699,-0.669324
E01001700,0.148197
E01001701,0.474725
E01001702,0.616097
E01001703,0.263620
E01001704,1.219646
E01001705,1.160557
E01001706,0.000000
E01001708,0.960554
E01001709,-0.000000
E01001710,-0.206588
E01001711,0.589163
E01001712,-0.118774
E01001713,-0.068256
E01001714,3.720009
E01001715,-0.518749
E01001716,2.685326
E01001717,1.350659
E01001718,1.213748
E01001719,0.402406
E01001720,1.000000
E01001722,-1.092210
E01001723,0.842172
E01001724,0.332045
E01001725,0.068210
E01001726,0.449875
E01001727,-0.237817
E01001728,0.938188
E01001729,0.439600
E01001730,1.000000
E01001731,2.549977
E01001732,0.709590
E01001733,-1.526766
E01001734,5.258683
E01001735,-1.423698
E01001736,2.695279
E01001737,1.000000
E01001738,-0.812611
E01001739,1.384347
E01001740,3.312380
E01001741,0.106918
E01001742,-1.431503
E01001744,-0.363975
E01001745,2.296485
E01001746,0.179542
E01001747,1.484129
E01001748,-0.001889
E01001749,2.529001
E01001750,5.918977
E01001751,0.522431
E01001752,0.000000
E01001753,1.589924
E01001754,-0.000000
E01001755,3.433092
E01001756,1.125137
E01001757,0.000000
E01001758,2.464788
E01001759,0.273251
E01001760,1.233539
E01001761,3.291830
E01001762,1.815433
E01001763,-0.134768
E01001764,0.379406
E01001765,-0.043362
E01001767,1.362913
E01001768,0.637385
E01001769,3.556257
E01001770,5.150248
E01001772,0.000000
E01001773,1.891977
E01001774,2.575606
E01001775,0.471003
E01001776,5.091166
E01001777,0.323258
E01001779,-0.008056
E01001780,0.487512
E01001781,-2.940456
E01001782,0.000000
E01001783,-1.000000
E01001784,1.381085
E01001785,0.284109
E01001786,0.607790
E01001787,0.608447
E01001788,-0.703628
E01001789,-1.831246
E01001790,-0.628015
E01001791,0.228487
E01001792,1.732859
E01001793,2.454429
E01001794,-3.241457
E01001795,-1.037252
E01001796,-1.405827
E01001798,1.116938
E01001799,0.011460
E01001800,2.060274
E01001801,-0.213855
E01001802,-0.254861
E01001803,5.289505
E01001804,-0.067590
E01001805,-0.326285
E01001806,0.164688
E01001807,0.390295
E01001808,-0.792989
E01001809,0.657438
E01001811,0.000000
E01001812,-0.000000
E01001813,1.780671
E01001814,1.107419
E01001815,-0.511727
E01001816,-0.367214
E01001819,-1.658613
E01001820,-1.424437
E01001821,0.580559
E01001822,2.000000
E01001823,1.271081
E01001824,-0.846678
E01001825,2.000000
E01001826,0.916889
E01001827,0.241877
E01001828,2.550954
E01001829,-0.075788
E01001830,0.087660
E01001831,6.545973
E01001832,0.000002
E01001833,1.627057
E01001834,0.828353
E01001835,-0.420538
E01001836,-1.349632
E01001837,-0.962102
E01001838,6.016641
E01001839,3.298906
E01001840,1.426296
E01001841,0.000000
E01001842,0.187138
E01001843,0.722337
E01001844,0.000000
E01001845,1.000000
E01001846,0.510961
E01001847,0.373357
E01001848,-2.290775
E01001849,4.323249
E01001850,1.399304
E01001851,2.766450
E01001852,-0.713853
E01001853,0.000003
E01001854,-2.982905
E01001855,2.044955
E01001856,-1.597873
E01001857,2.921111
E01001858,3.204270
E01001859,-0.090371
E01001860,1.939206
E01001861,-0.248243
E01001862,2.318243
E01001863,0.738974
E01001864,-0.096464
E01001865,0.830547
E01001866,1.000000
E01001867,0.534867
E01001868,1.594840
E01001869,2.199489
E01001870,-0.000000
E01001871,0.037291
E01001872,0.786566
E01001873,0.679663
E01001874,0.048157
E01001875,0.851361
E01001876,5.190844
E01001877,1.875332
E01001878,1.276745
E01001879,0.760845
E01001880,0.201900
E01001881,-1.075075
E01001882,-2.278643
E01001883,1.037848
E01001884,1.644397
E01001885,-0.413039
E01001886,1.875170
E01001887,0.096478
E01001888,0.733458
E01001889,2.800913
E01001890,1.972972
E01001891,4.091347
E01001892,0.329337
E01001893,0.432041
E01001894,1.787089
E01001895,-0.568321
E01001896,-0.126088
E01001897,2.227441
E01001898,4.000000
E01001899,1.208333
E01001900,1.113002
E01001901,-0.625291
E01001902,0.993350
E01001903,1.216140
E01001904,0.958564
E01001905,1.151212
E01001906,0.254333
E01001907,0.435939
E01001908,-2.196999
E01001909,-1.139844
E01001910,1.000000
E01001911,0.390725
E01001912,2.000000
E01001913,0.363632
E01001914,0.458960
E01001915,0.000000
E01001916,-0.347388
E01001917,0.529200
E01001918,-0.563929
E01001919,-0.664270
E01001920,3.317279
E01001921,1.000000
E01001922,1.575102
E01001923,2.454449
E01001924,-0.733740
E01001925,-1.177463
E01001926,-0.185934
E01001927,-0.020128
E01001928,0.000000
E01001929,2.141674
E01001930,3.496325
E01001931,1.190850
E01001932,1.411201
E01001933,4.216440
E01001934,1.164237
E01001935,1.913887
E01001937,2.681824
E01001938,0.269986
E01001939,-0.000000
E01001940,2.732600
E01001941,6.661197
E01001942,-0.005381
E01001943,0.921364
E01001944,1.000000
E01001945,1.936936
E01001946,1.559347
E01001947,0.000000
E01001948,1.250000
E01001949,8.000000
E01001950,1.749442
E01001951,1.000000
E01001952,1.607138
E01001953,-3.078054
E01001954,-0.406569
E01001955,-0.541667
E01001956,0.469629
E01001957,0.738741
E01001958,1.182155
E01001959,-1.146336
E01001960,3.000000
E01001961,-0.362755
E01001962,1.766000
E01001963,1.667108
E01001964,0.273693
E01001965,-0.614459
E01001966,1.180782
E01001967,1.684364
E01001968,0.082748
E01001969,0.000000
E01001970,3.042171
E01001971,-1.111108
E01001972,1.216199
E01001973,1.304345
E01001974,1.450122
E01001975,-1.314614
E01001976,-0.853861
E01001977,0.881826
E01001978,3.392307
E01001979,1.647288
E01001980,0.000000
E01001981,0.661810
E01001982,1.101341
E01001983,-0.766562
E01001984,12.460440
E01001985,2.337857
E01001986,0.639425
E01001987,1.714187
E01001988,-0.131271
E01001989,1.546096
E01001990,5.808171
E01001991,-0.488528
E01001992,0.942860
E01001993,0.279869
E01001994,1.956344
E01001995,-0.436103
E01001996,-0.033696
E01001997,1.591067
E01001998,0.794785
E01001999,1.501552
E01002000,-0.279387
E01002001,-0.538601
E01002002,0.629659
E01002003,3.353261
E01002004,1.846953
E01002005,0.495970
E01002006,-1.451110
E01002007,3.415361
E01002008,-1.882333
E01002009,0.102166
E01002010,0.313434
E01002011,4.540076
E01002013,0.000000
E01002014,1.428071
E01002015,1.149337
E01002016,-1.617177
E01002017,-0.884190
E01002018,0.000000
E01002019,1.047563
E01002020,2.414268
E01002021,1.138173
E01002022,3.458202
E01002023,0.000000
E01002024,-0.212411
E01002025,-1.957803
E01002026,-0.013017
E01002027,0.158088
E01002028,0.525168
E01002029,3.673231
E01002030,2.071296
E01002031,0.441521
E01002032,0.303911
E01002033,1.633648
E01002034,3.741290
E01002036,-0.668220
E01002037,3.332707
E01002038,2.206676
E01002039,1.757989
E01002040,2.014638
E01002041,-0.366368
E01002042,0.536449
E01002043,-0.002785
E01002044,-0.860804
E01002045,0.399534
E01002046,3.263765
E01002047,1.000000
E01002048,-0.922980
E01002049,0.496073
E01002050,-0.513167
E01002051,6.762678
E01002052,0.650295
E01002053,0.090211
E01002054,2.220136
E01002055,0.000000
E01002056,1.927943
E01002057,-0.074982
E01002058,0.285710
E01002059,0.195008
E01002060,0.000000
E01002061,0.648650
E01002062,1.669995
E01002063,-0.110978
E01002064,1.163895
E01002065,-0.154257
E01002066,2.340308
E01002067,-0.254777
E01002068,1.822766
E01002069,2.437055
E01002070,0.685520
E01002071,0.254899
E01002072,1.564336
E01002073,2.163638
E01002074,0.483869
E01002075,-3.832891
E01002076,1.699111
E01002077,2.810719
E01002078,1.841031
E01002079,-0.291667
E01002080,0.108965
E01002081,-0.230212
E01002082,-2.080501
E01002083,2.767117
E01002084,0.943896
E01002085,-0.233372
E01002086,2.600000
E01002087,-0.125676
E01002088,0.442622
E01002090,1.568941
E01002091,1.900298
E01002092,-0.105184
E01002093,2.609749
E01002094,1.714058
E01002095,-0.946885
E01002096,0.034506
E01002097,0.019914
E01002098,0.848138
E01002099,1.710312
E01002100,1.000000
E01002101,1.575893
E01002102,-0.984572
E01002103,0.860380
E01002104,-0.118708
E01002105,0.000000
E01002106,0.873933
E01002107,0.654010
E01002108,0.000000
E01002109,1.494966
E01002110,1.218381
E01002111,0.444230
E01002112,6.672713
E01002113,-0.564752
E01002114,0.215764
E01002115,1.449518
E01002116,0.304134
E01002117,-0.375000
E01002118,3.076531
E01002119,1.000000
E01002120,0.428742
E01002121,1.098708
E01002122,1.136699
E01002123,1.300931
E01002124,2.225962
E01002125,0.041667
E01002126,0.000000
E01002127,0.205650
E01002128,0.382665
E01002129,3.324072
E01002130,1.858702
E01002131,-0.000000
E01002132,0.822328
E01002133,4.765829
E01002134,0.279021
E01002135,-2.907185
E01002136,-0.239277
E01002137,-0.610718
E01002138,-0.265013
E01002139,0.606941
E01002140,0.000000
E01002141,0.209031
E01002142,1.601000
E01002143,-0.085449
E01002144,1.874965
E01002145,1.845884
E01002146,-0.071798
E01002147,1.446257
E01002148,2.842418
E01002149,-0.546078
E01002150,-0.120863
E01002151,0.458333
E01002152,-0.507606
E01002153,-0.257329
E01002154,-0.000000
E01002155,0.512020
E01002156,0.000000
E01002157,1.228313
E01002158,1.012529
E01002159,0.371716
E01002160,-0.000000
E01002161,1.905908
E01002162,-0.117025
E01002163,1.570167
E01002164,0.746962
E01002165,0.226630
E01002166,1.083063
E01002167,1.825058
E01002168,-0.198131
E01002169,1.341518
E01002170,-0.166667
E01002171,2.374460
E01002172,0.518794
E01002173,0.403632
E01002174,0.038525
E01002175,-0.000000
E01002176,0.528907
E01002177,0.384964
E01002178,0.142855
E01002179,3.208333
E01002180,-0.000000
E01002181,-0.359727
E01002182,0.158976
E01002183,0.610171
E01002184,1.738547
E01002185,1.069295
E01002186,2.159040
E01002187,0.959990
E01002188,-0.301100
E01002189,3.674095
E01002190,1.656157
E01002191,0.136207
E01002192,-1.274389
E01002193,-0.314038
E01002194,2.133838
E01002195,0.218987
E01002196,0.776844
E01002197,0.123222
E01002198,2.069310
E01002199,-0.398022
E01002200,2.266969
E01002201,0.370848
E01002202,0.542990
E01002203,0.411325
E01002204,0.769231
E01002206,1.367107
E01002207,0.358969
E01002208,0.868348
E01002209,0.414644
E01002210,0.370230
E01002211,0.556683
E01002212,2.201465
E01002213,-0.087145
E01002214,3.344904
E01002215,1.287219
E01002216,-0.351920
E01002217,0.861044
E01002218,-0.159080
E01002219,1.000000
E01002220,0.482723
E01002221,1.836379
E01002222,0.181814
E01002223,1.973124
E01002224,1.460505
E01002225,0.910667
E01002226,3.188893
E01002227,0.000000
E01002228,0.827390
E01002229,2.010185
E01002230,0.214108
E01002231,0.595423
E01002232,-0.009125
E01002233,1.000000
E01002234,-0.435168
E01002235,0.159162
E01002236,0.230341
E01002237,0.660932
E01002238,0.654988
E01002239,2.095121
E01002240,0.660587
E01002241,2.000000
E01002242,1.655549
E01002243,1.258261
E01002244,0.607228
E01002245,-0.470176
E01002246,-1.000000
E01002247,0.954909
E01002248,0.347675
E01002249,-0.352486
E01002250,0.047295
E01002251,-0.568221
E01002252,-0.221426
E01002253,0.265747
E01002254,0.369785
E01002255,-0.000000
E01002256,0.407239
E01002257,-3.000000
E01002258,0.557072
E01002259,0.857139
E01002260,0.879071
E01002261,-1.159562
E01002262,-0.008242
E01002263,0.915104
E01002264,0.057044
E01002265,0.583333
E01002266,-1.428614
E01002267,-0.097857
E01002268,0.000000
E01002269,0.000000
E01002270,-2.414389
E01002271,1.017697
E01002272,-0.000000
E01002273,0.227718
E01002274,0.615583
E01002275,0.610337
E01002276,-1.200583
E01002277,1.000000
E01002278,1.217849
E01002279,0.464732
E01002280,0.860476
E01002281,0.245145
E01002282,1.889829
E01002283,-0.303095
E01002284,-1.370531
E01002285,0.238091
E01002286,0.009028
E01002287,1.201515
E01002288,-0.260851
E01002289,1.000000
E01002290,0.133479
E01002291,-0.627453
E01002292,1.593236
E01002293,0.000000
E01002294,1.000000
E01002295,0.318355
E01002296,2.259669
E01002297,4.498382
E01002298,-0.162990
E01002299,0.000001
E01002300,-0.334352
E01002301,0.769719
E01002302,0.951066
E01002303,0.036978
E01002304,1.243373
E01002305,0.000000
E01002306,0.152126
E01002307,-0.252101
E01002308,0.000000
E01002309,0.298081
E01002310,3.545552
E01002311,2.321847
E01002312,1.546723
E01002313,1.050870
E01002314,1.396409
E01002315,1.097949
E01002316,3.791717
E01002317,0.247517
E01002318,0.000000
E01002319,1.020830
E01002320,0.521612
E01002321,0.040313
E01002322,0.389450
E01002323,-0.728857
E01002324,0.580647
E01002325,0.035641
E01002326,0.702952
E01002327,1.291667
E01002328,0.091495
E01002329,0.395649
E01002330,0.000000
E01002331,-0.385006
E01002332,1.560569
E01002333,0.458333
E01002334,0.007909
E01002335,0.000000
E01002336,0.304915
E01002337,0.000000
E01002338,-0.585261
E01002339,0.000000
E01002340,-1.490987
E01002341,0.262586
E01002342,-0.372310
E01002343,0.000000
E01002344,-3.210371
E01002345,0.455072
E01002346,-0.754405
E01002347,-0.923871
E01002348,-0.697847
E01002349,1.099780
E01002350,1.215707
E01002351,-0.540894
E01002352,-0.749779
E01002353,0.415614
E01002354,0.652591
E01002355,-0.514925
E01002356,1.846847
E01002358,-0.243183
E01002359,1.000000
E01002360,-0.198928
E01002361,0.752748
E01002362,1.349832
E01002363,-0.293964
E01002364,0.050700
E01002365,1.196197
E01002366,-0.118287
E01002367,0.116539
E01002368,1.196717
E01002369,0.814150
E01002370,2.296228
E01002371,2.000000
E01002372,0.799037
E01002373,-0.651166
E01002374,0.964618
E01002375,0.794358
E01002376,-0.750404
E01002377,1.503331
E01002378,0.766087
E01002379,0.297398
E01002380,1.041618
E01002381,-1.654614
E01002382,0.030293
E01002383,0.345800
E01002384,0.028784
E01002385,0.371631
E01002386,3.516670
E01002387,1.000000
E01002388,-0.802953
E01002389,2.034228
E01002390,-0.620917
E01002391,-0.598665
E01002392,0.009952
E01002393,0.830135
E01002394,0.116808
E01002395,2.011919
E01002396,0.904052
E01002397,9.021058
E01002398,-0.429480
E01002399,0.267059
E01002400,2.341761
E01002401,1.614999
E01002402,1.338637
E01002403,-0.825488
E01002404,1.062090
E01002405,1.358820
E01002406,0.083377
E01002407,0.884268
E01002408,-0.707902
E01002409,-0.000000
E01002410,1.872454
E01002411,0.350334
E01002412,0.864563
E01002413,-0.296518
E01002414,2.515084
E01002415,0.456117
E01002416,0.849177
E01002417,0.414945
E01002418,0.847268
E01002419,-0.180873
E01002420,0.984130
E01002421,0.359142
E01002422,0.503900
E01002423,0.577429
E01002424,1.618625
E01002425,0.230199
E01002426,1.324624
E01002427,0.380764
E01002428,-0.742680
E01002429,0.000000
E01002430,0.000000
E01002431,0.593772
E01002432,0.274914
E01002433,-0.041881
E01002434,-1.225636
E01002435,-1.073284
E01002436,-1.231680
E01002437,-0.405762
E01002438,1.152928
E01002439,0.619994
E01002440,0.000000
E01002441,-0.847963
E01002442,0.099012
E01002443,1.707039
E01002444,1.493163
E01002445,-1.421000
E01002446,1.679533
E01002447,3.079451
E01002448,0.676522
E01002449,1.405460
E01002450,-1.959783
E01002451,-0.355647
E01002452,0.857144
E01002453,-0.559530
E01002454,0.999694
E01002455,-0.522188
E01002456,0.434759
E01002457,-0.299792
E01002458,-0.419394
E01002459,-0.222188
E01002460,0.870636
E01002461,-1.346089
E01002462,0.862244
E01002463,-0.993553
E01002464,0.000000
E01002465,-0.316567
E01002466,-0.394475
E01002467,-0.000000
E01002468,2.477861
E01002469,1.479445
E01002470,1.054386
E01002471,0.597129
E01002472,1.697353
E01002473,0.613371
E01002474,0.294953
E01002475,-0.121188
E01002476,0.616655
E01002477,-0.419386
E01002478,-0.769871
E01002479,2.340718
E01002480,-0.757850
E01002481,2.524147
E01002482,0.710911
E01002483,0.819134
E01002484,-0.333333
E01002485,0.000000
E01002486,2.701492
E01002487,0.594619
E01002488,0.979914
E01002489,1.156370
E01002490,2.345405
E01002491,-0.199768
E01002492,0.067338
E01002493,-1.730538
E01002494,1.180943
E01002495,-0.521808
E01002496,7.596542
E01002497,0.745723
E01002498,0.575878
E01002499,2.303963
E01002501,0.313785
E01002502,1.771912
E01002503,-2.440495
E01002504,-0.208333
E01002505,-3.206186
E01002506,0.030502
E01002507,2.493745
E01002508,1.846062
E01002509,-0.333333
E01002511,0.000000
E01002512,0.040161
E01002513,-0.075761
E01002514,-1.404681
E01002515,-0.000000
E01002516,-0.117387
E01002518,1.436229
E01002519,-0.914382
E01002520,0.541274
E01002521,6.772324
E01002523,1.963791
E01002525,-0.063171
E01002526,0.025447
E01002527,0.112486
E01002528,-0.165857
E01002529,0.830770
E01002530,-0.456579
E01002531,0.000000
E01002532,-0.272330
E01002533,0.385125
E01002534,0.000000
E01002535,-0.534799
E01002536,0.930340
E01002537,-0.045306
E01002538,1.893224
E01002539,1.417271
E01002540,-0.079012
E01002541,0.152654
E01002542,2.566331
E01002543,2.934479
E01002544,0.401335
E01002545,-0.148804
E01002546,2.030116
E01002547,-1.009832
E01002548,-0.044454
E01002549,2.823025
E01002550,-0.315633
E01002551,0.009230
E01002552,0.345214
E01002553,0.429808
E01002554,-1.715137
E01002555,-0.657633
E01002556,1.000000
E01002557,0.510961
E01002558,0.940383
E01002559,2.187954
E01002560,0.774924
E01002561,1.192031
E01002562,0.849422
E01002563,0.639911
E01002564,2.275112
E01002565,2.678568
E01002566,0.000000
E01002567,2.213139
E01002568,-0.000000
E01002569,0.165687
E01002570,-1.571438
E01002571,0.156961
E01002572,0.732311
E01002573,0.753330
E01002574,-2.404716
E01002575,2.274162
E01002576,0.719349
E01002577,2.000000
E01002578,-3.227463
E01002579,0.301380
E01002580,1.160348
E01002581,0.956078
E01002582,0.496016
E01002583,0.327415
E01002584,1.833110
E01002585,1.582705
E01002586,-0.000000
E01002587,3.845457
E01002588,0.614585
E01002589,0.935151
E01002590,0.574618
E01002591,-0.139244
E01002592,3.124553
E01002593,2.668043
E01002594,-6.110559
E01002595,0.324044
E01002596,2.000000
E01002598,2.172969
E01002599,2.000000
E01002600,0.469906
E01002601,0.333332
E01002602,0.957481
E01002603,-1.098691
E01002604,-0.224451
E01002605,0.087114
E01002606,0.049597
E01002607,0.871987
E01002608,1.279042
E01002609,-1.773427
E01002610,-0.631585
E01002611,1.305589
E01002612,2.248746
E01002613,2.114039
E01002614,-0.233393
E01002615,0.426453
E01002616,-0.168134
E01002617,3.896643
E01002618,2.716592
E01002619,0.000000
E01002620,1.999249
E01002621,1.736891
E01002622,0.668803
E01002623,0.461628
E01002624,0.408905
E01002625,1.538391
E01002626,2.040634
E01002627,1.371786
E01002628,-0.342116
E01002629,5.000000
E01002630,-0.000000
E01002631,2.261370
E01002632,0.085813
E01002633,1.368017
E01002634,1.587227
E01002635,0.270647
E01002636,-0.405410
E01002637,-0.254633
E01002638,2.957001
E01002639,0.404386
E01002640,0.127808
E01002641,1.463532
E01002642,0.000000
E01002643,-0.141405
E01002645,4.422076
E01002646,0.486804
E01002647,0.968830
E01002648,0.000000
E01002649,0.054020
E01002650,1.048814
E01002651,0.624591
E01002652,1.341380
E01002653,-0.123534
E01002654,-0.298722
E01002655,-0.182927
E01002656,-0.497980
E01002657,2.816741
E01002658,1.000000
E01002659,-0.312338
E01002660,0.040824
E01002661,1.677047
E01002662,-0.781453
E01002663,-0.072686
E01002664,0.040932
E01002665,-0.090355
E01002666,0.625176
E01002667,-1.707538
E01002668,-1.213864
E01002669,0.011131
E01002670,2.513464
E01002671,-0.159980
E01002672,0.282344
E01002673,0.963461
E01002674,0.000000
E01002675,-0.739722
E01002676,-0.982767
E01002677,-2.239358
E01002678,0.078730
E01002679,1.950140
E01002680,0.923167
E01002681,-0.450974
E01002682,-0.204478
E01002683,-0.012254
E01002684,-0.000000
E01002686,0.707501
E01002687,-0.657656
E01002689,0.355291
E01002690,-0.077773
E01002691,-0.436881
E01002692,0.630872
E01002693,1.536071
E01002694,1.352186
E01002695,2.375857
E01002696,-0.054393
E01002697,1.116765
E01002698,1.263799
E01002699,-1.955478
E01002700,3.938162
E01002701,0.367522
E01002702,1.000000
E01002703,-0.115561
E01002704,3.000000
E01002706,2.124028
E01002707,2.054423
E01002708,-2.032911
E01002709,0.835357
E01002710,-0.913686
E01002711,1.466856
E01002712,-1.556130
E01002713,1.000000
E01002714,-1.566368
E01002715,1.331561
E01002716,0.509632
E01002717,0.689770
E01002718,1.317873
E01002719,-1.919433
E01002720,-0.517231
E01002721,1.210676
E01002722,0.072572
E01002723,-0.293430
E01002724,7.020177
E01002725,0.135724
E01002726,0.793396
E01002727,2.896493
E01002728,3.001106
E01002729,0.506832
E01002730,0.551500
E01002731,0.000000
E01002732,1.797131
E01002733,-0.108813
E01002734,-0.442093
E01002735,10.224124
E01002736,0.559321
E01002737,0.830401
E01002738,1.167248
E01002739,-0.808588
E01002740,-0.000000
E01002741,0.403520
E01002742,1.677842
E01002743,-0.000000
E01002744,0.786274
E01002745,-0.431652
E01002747,2.567594
E01002748,2.350738
E01002749,-0.363000
E01002751,0.981970
E01002752,-0.392646
E01002753,1.627369
E01002754,0.980175
E01002755,0.768308
E01002756,3.164702
E01002757,-0.472744
E01002758,-0.172224
E01002759,1.184527
E01002760,3.011638
E01002762,4.442442
E01002763,6.001967
E01002764,0.000000
E01002765,-4.100880
E01002766,8.886759
E01002767,2.745531
E01002768,0.744593
E01002769,1.813930
E01002770,6.880734
E01002771,1.047622
E01002772,0.083481
E01002773,-0.370325
E01002774,0.998580
E01002775,0.000000
E01002776,1.166733
E01002777,0.421483
E01002778,1.538856
E01002779,-0.270515
E01002780,0.541989
E01002781,0.030616
E01002782,0.232193
E01002783,2.941768
E01002784,1.791315
E01002785,2.150297
E01002786,1.480695
E01002787,0.304103
E01002788,0.328214
E01002789,-2.038357
E01002790,0.235288
E01002791,7.611895
E01002792,0.000000
E01002793,0.643204
E01002794,7.285519
E01002795,-1.264628
E01002796,0.073621
E01002797,0.041507
E01002798,1.142850
E01002799,0.000000
E01002800,2.928750
E01002801,0.045275
E01002802,1.842216
E01002803,-0.000000
E01002804,1.090454
E01002805,2.791369
E01002806,0.950318
E01002807,2.720334
E01002808,2.000000
E01002809,1.107698
E01002810,-2.594336
E01002811,5.964120
E01002812,0.000000
E01002813,-0.657049
E01002814,3.000000
E01002815,-0.075538
E01002816,0.240528
E01002817,1.310193
E01002818,-1.838535
E01002819,8.763058
E01002820,0.000000
E01002821,5.032574
E01002822,-0.375001
E01002823,0.649729
E01002824,2.236089
E01002825,1.107554
E01002826,4.150672
E01002827,0.978632
E01002828,-0.614529
E01002829,0.217228
E01002830,0.295912
E01002831,0.678187
E01002832,1.854816
E01002833,-0.203149
E01002834,-0.810948
E01002835,2.400322
E01002836,0.953034
E01002837,1.000000
E01002838,-0.041681
E01002839,-0.667597
E01002840,6.905460
E01002841,1.000000
E01002842,0.174757
E01002843,2.000000
E01002844,0.730179
E01002845,-0.475052
E01002846,-0.344573
E01002847,1.628621
E01002848,4.454269
E01002849,-0.300981
E01002850,5.535110
E01002851,2.121308
E01002852,3.696494
E01002853,-1.464709
E01002854,-0.601348
E01002855,-0.742500
E01002856,-0.495217
E01002857,0.777253
E01002858,-0.279876
E01002859,2.000000
E01002860,0.970337
E01002861,0.349505
E01002862,0.323521
E01002863,0.571428
E01002864,0.000000
E01002865,0.000000
E01002866,4.093155
E01002867,1.859128
E01002868,-0.151240
E01002869,2.283853
E01002870,-1.170918
E01002871,0.280162
E01002872,2.590717
E01002873,-0.583333
E01002874,1.352941
E01002875,0.000000
E01002876,0.754665
E01002877,2.768026
E01002878,1.521030
E01002879,0.491023
E01002880,-0.538462
E01002881,0.948213
E01002882,0.502584
E01002883,0.824312
E01002884,2.139141
E01002885,2.550297
E01002886,4.183600
E01002887,3.500980
E01002888,1.674483
E01002889,1.852308
E01002890,1.583321
E01002891,2.668687
E01002892,3.991231
E01002893,-0.000000
E01002894,1.102875
E01002895,-0.708333
E01002896,0.603238
E01002897,2.885967
E01002898,0.467600
E01002899,0.190986
E01002900,0.871433
E01002901,0.338413
E01002902,-1.685215
E01002903,-1.250782
E01002904,0.105412
E01002905,1.413082
E01002906,1.068192
E01002907,0.675489
E01002908,1.296297
E01002909,0.000000
E01002910,-2.829091
E01002911,1.743498
E01002912,2.329089
E01002913,2.096766
E01002914,6.000000
E01002915,-0.413799
E01002916,1.682758
E01002917,0.765878
E01002918,0.099029
E01002919,0.593817
E01002920,1.023192
E01002921,0.253992
E01002922,-0.239386
E01002923,0.395349
E01002924,-0.572650
E01002925,0.309585
E01002926,3.704685
E01002927,1.294308
E01002928,-2.452577
E01002929,-2.000586
E01002930,1.744335
E01002931,0.891699
E01002932,0.000000
E01002933,0.327578
E01002934,-0.947371
E01002935,0.217543
E01002937,-0.876699
E01002938,0.381909
E01002939,0.000000
E01002940,0.328747
E01002941,1.282281
E01002942,0.303759
E01002943,-0.000000
E01002944,0.164821
E01002945,-0.198874
E01002946,-1.027023
E01002947,0.000000
E01002948,0.430600
E01002949,0.881921
E01002950,0.749228
E01002951,0.000000
E01002952,0.887994
E01002953,-1.593865
E01002954,0.875777
E01002955,1.046475
E01002956,0.333332
E01002957,0.798188
E01002958,-0.101933
E01002959,-0.288706
E01002960,0.346003
E01002961,1.229971
E01002962,0.999697
E01002963,0.019178
E01002964,-1.723271
E01002965,1.481312
E01002966,0.942438
E01002967,0.525694
E01002968,4.685787
E01002969,0.516403
E01002970,1.484044
E01002971,0.062737
E01002972,1.600720
E01002973,0.694306
E01002974,0.154111
E01002975,-1.285605
E01002976,0.273852
E01002977,0.470585
E01002978,-0.000000
E01002979,0.337525
E01002980,0.000000
E01002981,-2.322851
E01002982,-0.092245
E01002983,0.104823
E01002984,-1.382424
E01002985,-0.702034
E01002986,0.931613
E01002987,4.569035
E01002988,4.112699
E01002989,-2.131149
E01002990,-0.143641
E01002991,-0.822443
E01002992,-0.436558
E01002993,1.269104
E01002994,-0.058750
E01002995,-0.772126
E01002996,0.000000
E01002997,1.391309
E01002998,-0.529873
E01002999,-0.248676
E01003000,-0.242050
E01003001,-3.046826
E01003002,-2.000000
E01003003,1.365787
E01003004,0.377809
E01003005,0.695818
E01003006,0.000000
E01003007,0.000000
E01003008,0.750906
E01003009,-1.899898
E01003010,-0.189086
E01003011,0.388846
E01003013,3.623678
E01003014,2.032478
E01003015,1.000000
E01003016,0.638291
E01003017,2.633370
E01003018,1.666622
E01003019,0.577697
E01003020,0.356608
E01003021,-0.000000
E01003022,1.859426
E01003023,1.628474
E01003024,-0.215394
E01003025,0.309584
E01003026,1.056874
E01003027,-1.000000
E01003028,1.295016
E01003029,1.810524
E01003030,1.541439
E01003031,0.737394
E01003032,2.006138
E01003033,2.444947
E01003034,-0.216353
E01003035,1.000000
E01003036,4.286119
E01003037,3.055322
E01003038,1.578311
E01003039,0.731471
E01003040,0.643170
E01003041,-0.498003
E01003042,-1.857551
E01003043,-1.400200
E01003044,1.176557
E01003045,0.000000
E01003046,0.507148
E01003047,2.018046
E01003048,1.069985
E01003049,0.035820
E01003050,1.338933
E01003051,0.500004
E01003052,1.000000
E01003053,9.282817
E01003054,2.809354
E01003055,0.152898
E01003056,0.868008
E01003057,0.000000
E01003058,-0.136402
E01003059,1.694600
E01003060,0.588472
E01003061,1.132365
E01003062,0.264731
E01003063,-1.657396
E01003064,0.000000
E01003065,-0.305232
E01003066,2.018253
E01003067,0.081881
E01003068,0.603204
E01003069,1.273260
E01003070,-2.319986
E01003071,1.000000
E01003072,0.000000
E01003073,2.128748
E01003074,2.131323
E01003075,-0.262416
E01003076,0.089039
E01003077,0.791669
E01003078,0.998524
E01003079,0.136135
E01003080,-0.096592
E01003081,3.631631
E01003082,-0.880108
E01003083,0.290953
E01003084,-0.376073
E01003085,-0.711878
E01003086,1.311172
E01003087,0.771361
E01003088,0.226678
E01003089,1.265629
E01003090,0.928285
E01003091,0.897685
E01003092,6.576461
E01003093,1.699526
E01003094,-0.156210
E01003095,2.000000
E01003096,-0.203773
E01003097,-0.056494
E01003098,2.140111
E01003099,0.444783
E01003100,1.885999
E01003101,0.156299
E01003102,-1.333896
E01003104,0.244429
E01003105,-1.166528
E01003106,-1.063933
E01003107,2.058036
E01003108,3.305233
E01003109,0.437782
E01003110,0.848586
E01003111,0.664524
E01003112,1.375000
E01003113,0.249478
E01003114,1.180652
E01003115,2.887469
E01003116,2.088638
E01003117,2.933137
E01003118,0.681272
E01003119,0.001970
E01003120,0.339001
E01003121,1.102406
E01003122,0.812737
E01003123,-1.769980
E01003124,0.000000
E01003125,1.050616
E01003126,2.842572
E01003127,0.809317
E01003128,2.603597
E01003129,1.154584
E01003130,3.488380
E01003131,2.156156
E01003132,0.727829
E01003133,1.728199
E01003134,0.000000
E01003135,-1.548429
E01003136,-0.090548
E01003137,0.278578
E01003138,-1.915170
E01003139,0.427680
E01003140,1.162102
E01003141,2.981364
E01003142,1.556423
E01003143,-0.032954
E01003144,-1.306096
E01003145,2.998243
E01003146,2.083603
E01003147,-0.675656
E01003148,0.387492
E01003149,0.042744
E01003150,-0.550771
E01003151,0.703692
E01003152,1.834093
E01003153,3.628598
E01003154,-4.424524
E01003155,1.617435
E01003156,-0.573528
E01003157,1.387701
E01003158,-1.911922
E01003159,1.462633
E01003160,0.919758
E01003161,0.361618
E01003162,-0.115916
E01003163,1.635124
E01003164,0.000000
E01003165,-0.602081
E01003166,-1.222675
E01003167,2.442211
E01003168,0.294963
E01003169,1.529357
E01003170,1.710339
E01003171,1.000000
E01003172,-0.719444
E01003173,0.253304
E01003174,2.119167
E01003175,0.273814
E01003176,0.377353
E01003177,-0.786347
E01003178,0.662891
E01003179,0.000000
E01003180,0.794524
E01003181,-0.000000
E01003182,-1.123443
E01003183,0.369948
E01003184,0.083146
E01003185,1.412721
E01003186,4.870561
E01003187,0.103615
E01003188,-0.676104
E01003189,-0.154094
E01003190,0.713414
E01003191,-2.280668
E01003192,-0.000000
E01003193,0.743185
E01003194,-0.327176
E01003195,0.000000
E01003196,0.494132
E01003197,-0.928192
E01003198,-2.609330
E01003199,0.415031
E01003200,4.061821
E01003201,-0.000000
E01003202,-0.893003
E01003203,4.550750
E01003204,-1.949846
E01003205,-0.707853
E01003206,0.878505
E01003207,3.573745
E01003209,1.413057
E01003210,3.102255
E01003211,3.700186
E01003212,0.532775
E01003213,0.223725
E01003214,1.803321
E01003215,-0.380752
E01003216,-0.684909
E01003217,1.366013
E01003218,0.815893
E01003219,0.371558
E01003220,0.428567
E01003221,1.474222
E01003222,-0.448281
E01003223,-1.306297
E01003224,1.340214
E01003225,0.497229
E01003226,1.529419
E01003227,0.801433
E01003228,-0.000000
E01003229,0.832518
E01003230,0.618281
E01003231,0.107252
E01003232,1.827587
E01003233,1.312760
E01003235,-0.683933
E01003236,0.000000
E01003237,-0.000000
E01003238,1.000000
E01003239,0.303873
E01003240,-0.109240
E01003241,2.250076
E01003243,0.000000
E01003244,0.014554
E01003245,-0.182121
E01003246,2.000000
E01003247,0.162929
E01003248,-0.541667
E01003249,0.767699
E01003250,0.000000
E01003251,-0.000000
E01003252,1.255138
E01003253,0.005257
E01003254,-2.089880
E01003255,0.333053
E01003256,-1.140578
E01003257,1.126737
E01003258,0.077178
E01003259,-2.309354
E01003260,1.848351
E01003261,-0.230578
E01003262,0.806329
E01003263,1.745079
E01003264,0.690133
E01003265,0.232048
E01003266,1.730181
E01003267,-0.722381
E01003268,0.006332
E01003269,-0.635015
E01003270,2.550563
E01003271,-0.000000
E01003272,-3.463063
E01003273,-0.822461
E01003274,-5.419963
E01003275,0.416560
E01003276,1.529055
E01003277,-0.117488
E01003278,1.035228
E01003279,1.000000
E01003280,2.000000
E01003281,-0.211390
E01003282,0.776121
E01003283,0.832829
E01003284,-0.971171
E01003285,-0.489413
E01003286,1.349614
E01003287,-0.190838
E01003288,0.733949
E01003290,0.654269
E01003291,-1.813786
E01003292,3.888943
E01003293,0.868215
E01003295,0.575790
E01003296,0.000000
E01003297,2.773321
E01003298,1.235723
E01003299,2.000000
E01003300,-1.671897
E01003301,0.688679
E01003302,0.946000
E01003303,4.079709
E01003304,2.253337
E01003305,-1.731408
E01003307,-0.198166
E01003308,-0.217760
E01003309,-0.000000
E01003310,1.466812
E01003311,-1.466079
E01003312,1.206449
E01003313,1.000000
E01003314,2.208333
E01003315,1.585188
E01003316,1.829657
E01003317,0.180722
E01003318,4.575052
E01003319,-2.667975
E01003320,3.356324
E01003321,7.692366
E01003322,0.008259
E01003323,1.016694
E01003324,0.150152
E01003325,1.938525
E01003326,0.115723
E01003327,0.970465
E01003328,0.065286
E01003329,-1.230148
E01003330,0.708029
E01003331,-0.481416
E01003332,1.463654
E01003333,-0.892735
E01003334,4.926932
E01003335,0.705859
E01003336,-0.367289
E01003337,-0.186787
E01003338,1.680092
E01003339,-0.620993
E01003340,2.227545
E01003341,-0.132995
E01003342,0.077602
E01003343,1.000000
E01003344,3.241585
E01003345,-1.967030
E01003346,0.265448
E01003347,-1.055937
E01003348,4.000000
E01003349,-2.990812
E01003350,-0.935609
E01003351,0.000000
E01003352,1.001813
E01003353,0.678536
E01003354,0.131091
E01003355,2.782580
E01003356,3.434381
E01003357,-0.340748
E01003358,-0.521101
E01003359,1.699578
E01003360,0.133640
E01003361,-1.042560
E01003362,-0.000000
E01003363,-0.217980
E01003364,0.624052
E01003365,-1.006731
E01003366,0.395132
E01003367,-0.063550
E01003368,0.963138
E01003369,0.000000
E01003370,-0.389641
E01003371,-0.457365
E01003372,0.967716
E01003373,0.000000
E01003374,3.000000
E01003375,-0.900553
E01003376,0.289470
E01003377,2.801284
E01003378,2.000000
E01003379,0.166720
E01003380,0.726624
E01003381,0.000000
E01003382,1.552356
E01003383,-0.565238
E01003384,1.374053
E01003385,1.971087
E01003386,-0.438354
E01003387,3.077594
E01003388,3.479097
E01003389,2.343334
E01003390,1.657425
E01003391,0.219304
E01003392,0.135479
E01003393,0.816617
E01003394,0.768729
E01003395,1.118165
E01003396,0.814818
E01003397,0.185625
E01003398,-0.650084
E01003399,0.000000
E01003400,0.852826
E01003401,1.214781
E01003402,0.137717
E01003403,1.461979
E01003404,0.302630
E01003405,2.000000
E01003406,-2.261544
E01003407,0.474881
E01003408,-0.213299
E01003409,0.848682
E01003410,0.572643
E01003411,0.913769
E01003412,0.721827
E01003413,0.756014
E01003414,1.449278
E01003415,0.386115
E01003416,0.104937
E01003417,-0.151076
E01003418,0.000000
E01003419,-0.867009
E01003420,1.737213
E01003421,0.069679
E01003422,1.034500
E01003423,-0.207928
E01003424,0.086739
E01003425,1.000000
E01003426,-0.333333
E01003427,1.311684
E01003428,-2.037366
E01003429,-0.253970
E01003430,-0.671979
E01003431,1.000000
E01003432,0.025775
E01003433,-0.835024
E01003434,0.254865
E01003435,-0.267497
E01003436,0.485485
E01003437,0.283033
E01003438,3.267305
E01003439,-0.345369
E01003440,1.000000
E01003441,0.981161
E01003442,0.184489
E01003443,0.272291
E01003444,1.320541
E01003445,0.198574
E01003446,0.579279
E01003447,0.616098
E01003448,0.084150
E01003449,-0.304422
E01003450,0.172152
E01003451,0.721467
E01003452,1.884491
E01003453,-0.328518
E01003454,0.666648
E01003455,1.970834
E01003456,4.104650
E01003457,4.567334
E01003458,0.012573
E01003459,1.912851
E01003460,4.023043
E01003461,-0.202841
E01003462,3.835213
E01003463,-1.543958
E01003464,1.751878
E01003465,-0.843571
E01003466,-1.983730
E01003467,1.000000
E01003468,-1.024832
E01003469,0.231448
E01003470,0.640822
E01003471,1.383747
E01003472,-0.081697
E01003473,-1.554415
E01003474,0.006954
E01003475,-0.003713
E01003476,-1.047155
E01003477,1.445824
E01003478,5.088932
E01003479,-0.815691
E01003480,0.259594
E01003481,2.889340
E01003482,-0.000000
E01003483,-1.986814
E01003484,-0.208333
E01003485,-0.000000
E01003486,-0.494016
E01003487,-0.410079
E01003488,2.106823
E01003489,1.151323
E01003490,2.514234
E01003491,0.674917
E01003492,0.675373
E01003493,-0.003993
E01003494,1.084966
E01003495,0.809742
E01003496,1.677229
E01003497,0.905624
E01003498,-0.000000
E01003499,0.783353
E01003500,2.291667
E01003501,1.364284
E01003502,3.011390
E01003503,1.229605
E01003506,0.284617
E01003507,-0.025921
E01003508,2.087669
E01003509,0.310318
E01003511,3.396635
E01003512,0.532600
E01003513,0.325562
E01003514,0.548998
E01003515,-0.541667
E01003516,2.758527
E01003517,0.227407
E01003518,-0.250001
E01003519,-0.612697
E01003520,0.718134
E01003521,0.079183
E01003522,1.587009
E01003523,3.170454
E01003524,-0.035830
E01003525,0.423529
E01003526,-0.170322
E01003527,1.185919
E01003528,1.283182
E01003529,0.196043
E01003530,-0.265886
E01003531,0.612197
E01003532,1.200136
E01003533,0.056366
E01003534,-0.079401
E01003535,1.048354
E01003536,-0.956122
E01003537,0.595219
E01003538,1.014606
E01003539,-0.623775
E01003540,0.254322
E01003541,2.571180
E01003542,1.411809
E01003543,0.233342
E01003544,-1.313979
E01003545,0.545455
E01003546,0.311388
E01003547,1.128981
E01003548,1.302810
E01003549,2.564646
E01003550,0.608100
E01003551,1.000000
E01003552,-0.000000
E01003553,1.006899
E01003554,-0.802368
E01003555,0.678645
E01003556,4.079340
E01003557,0.775890
E01003558,2.000000
E01003559,3.038799
E01003560,-0.120412
E01003561,0.742412
E01003562,0.992188
E01003563,0.261158
E01003564,5.013024
E01003565,-2.390013
E01003566,2.744198
E01003567,-0.000000
E01003568,0.000000
E01003569,6.314319
E01003570,0.393951
E01003571,-0.931968
E01003572,-0.361845
E01003573,0.638998
E01003574,0.388582
E01003575,0.245301
E01003576,0.000000
E01003577,-0.405501
E01003578,-3.537050
E01003579,-0.612140
E01003580,0.898312
E01003581,0.000000
E01003582,0.367444
E01003583,-0.326373
E01003584,-2.524681
E01003585,0.277819
E01003586,-0.489071
E01003587,0.295512
E01003588,0.000000
E01003589,-0.381345
E01003590,-0.891236
E01003591,2.741715
E01003592,0.082402
E01003593,2.636224
E01003594,0.776121
E01003595,2.776035
E01003596,0.323088
E01003597,0.367585
E01003598,2.000000
E01003599,0.130720
E01003600,1.118452
E01003601,1.919475
E01003602,-0.357509
E01003603,0.292824
E01003604,-0.366789
E01003605,0.757527
E01003606,-0.000000
E01003607,-0.637171
E01003608,-0.316356
E01003609,-0.000000
E01003611,1.000000
E01003615,0.428171
E01003616,0.842712
E01003617,-0.018747
E01003618,0.982257
E01003619,1.883225
E01003621,1.239778
E01003622,0.959933
E01003623,1.284742
E01003624,1.480404
E01003625,1.675333
E01003626,0.000000
E01003627,0.983568
E01003628,0.067020
E01003630,0.117503
E01003631,-0.275452
E01003632,-1.603159
E01003633,-1.952484
E01003634,0.723845
E01003635,-0.669989
E01003636,0.504979
E01003637,0.419131
E01003638,2.466252
E01003639,-0.362794
E01003640,2.662174
E01003641,-0.576648
E01003642,-0.000000
E01003643,1.335778
E01003644,2.714286
E01003645,-0.374065
E01003646,0.159730
E01003647,0.000000
E01003648,2.267131
E01003649,0.000000
E01003650,0.102827
E01003651,-0.901869
E01003652,-1.234071
E01003653,1.319613
E01003654,-0.823145
E01003655,0.642872
E01003656,0.552756
E01003657,-0.396840
E01003658,0.000000
E01003659,1.491046
E01003660,0.000000
E01003661,0.853485
E01003662,0.372037
E01003663,-0.147196
E01003664,0.485751
E01003665,-0.000000
E01003666,1.324575
E01003668,0.780296
E01003669,-0.678340
E01003670,0.779617
E01003671,2.935569
E01003672,-0.515251
E01003673,2.810056
E01003674,-0.880428
E01003675,0.000000
E01003676,1.000000
E01003677,1.338468
E01003678,-0.564456
E01003679,0.562548
E01003680,0.497727
E01003681,-0.000000
E01003682,0.431402
E01003683,0.000000
E01003684,0.457848
E01003685,-0.228351
E01003686,0.093445
E01003688,-0.167193
E01003689,-0.686765
E01003690,2.809933
E01003691,-0.606027
E01003692,0.437924
E01003693,-0.000000
E01003694,0.569526
E01003695,-0.140757
E01003696,1.673906
E01003697,1.817168
E01003698,-0.914990
E01003699,-0.436908
E01003700,0.477372
E01003701,-1.330260
E01003702,1.000000
E01003703,-0.208333
E01003704,0.588234
E01003705,1.000000
E01003706,-0.324917
E01003707,-1.133257
E01003708,0.208068
E01003709,0.596535
E01003710,-0.000000
E01003711,1.699063
E01003712,0.351719
E01003713,4.187624
E01003714,0.085162
E01003715,0.651550
E01003716,0.076278
E01003718,0.431442
E01003719,2.381060
E01003720,-0.054583
E01003721,-1.020976
E01003722,-0.583649
E01003723,-0.611820
E01003724,0.220072
E01003725,0.520868
E01003726,-1.040675
E01003727,2.598827
E01003728,0.000000
E01003729,0.727274
E01003730,0.000000
E01003731,0.016892
E01003732,0.057538
E01003733,1.943589
E01003734,2.381633
E01003735,0.492727
E01003736,1.091167
E01003737,-1.000000
E01003738,1.408416
E01003739,0.057441
E01003740,1.000000
E01003741,2.780206
E01003742,1.944276
E01003743,3.815512
E01003744,0.261147
E01003745,-0.093110
E01003746,3.124690
E01003747,-0.089741
E01003748,0.741109
E01003749,0.156693
E01003750,-0.112467
E01003751,1.445934
E01003752,-0.497466
E01003753,4.566448
E01003754,2.041562
E01003755,0.841880
E01003756,0.096012
E01003757,1.000000
E01003758,-0.034229
E01003759,-0.167048
E01003760,-0.254873
E01003761,0.083785
E01003762,0.283017
E01003763,-0.961246
E01003764,2.392685
E01003765,-0.503467
E01003766,2.398526
E01003767,2.681319
E01003768,-0.536627
E01003769,2.175312
E01003770,1.128728
E01003771,1.308222
E01003772,0.176167
E01003773,0.357922
E01003774,-0.550906
E01003775,-1.540535
E01003776,-0.683267
E01003777,1.776829
E01003778,-3.277975
E01003779,0.137879
E01003780,0.466547
E01003781,-1.134149
E01003782,0.000000
E01003783,-1.308768
E01003784,0.099486
E01003785,-0.000000
E01003786,-0.000000
E01003787,-0.712907
E01003788,-0.375000
E01003789,0.303081
E01003790,0.358551
E01003791,0.000000
E01003792,-1.665323
E01003793,-0.329738
E01003794,0.445392
E01003795,0.409483
E01003796,1.826053
E01003797,-1.770119
E01003798,1.350251
E01003799,-1.617855
E01003800,0.351081
E01003801,0.673470
E01003802,0.689805
E01003803,0.053954
E01003804,0.249031
E01003805,-0.342368
E01003806,1.200140
E01003807,1.136639
E01003808,1.806492
E01003809,-1.060241
E01003810,-2.573987
E01003811,-0.552658
E01003812,0.298488
E01003813,0.000000
E01003814,0.000000
E01003815,0.831803
E01003816,-0.000000
E01003817,-0.734867
E01003818,0.147113
E01003819,-0.105277
E01003820,0.391879
E01003821,1.000000
E01003822,0.222775
E01003823,4.159042
E01003824,0.217204
E01003825,1.000000
E01003826,-0.681794
E01003827,0.869565
E01003828,-0.284141
E01003829,-0.216162
E01003830,-0.232157
E01003831,0.074728
E01003832,-0.724844
E01003833,-0.356054
E01003834,-0.066515
E01003835,0.156620
E01003836,0.091377
E01003837,0.140281
E01003838,0.876912
E01003839,1.661447
E01003840,2.243417
E01003841,-0.214232
E01003842,0.543382
E01003843,-0.563965
E01003844,-0.475014
E01003845,-1.192342
E01003846,0.737076
E01003847,4.211340
E01003848,3.000000
E01003849,4.235001
E01003851,0.112494
E01003852,-0.000000
E01003853,-0.163537
E01003854,0.375000
E01003855,0.666172
E01003856,0.838018
E01003857,-0.335768
E01003858,0.843813
E01003859,-1.097600
E01003860,1.238040
E01003861,0.333483
E01003862,-0.973525
E01003863,-1.045647
E01003864,-1.610878
E01003865,2.711169
E01003866,0.000000
E01003867,-0.643306
E01003868,-0.152409
E01003869,0.320011
E01003870,-0.778689
E01003871,2.000001
E01003872,1.644557
E01003873,1.076923
E01003874,0.695392
E01003875,-8.280135
E01003876,-3.447907
E01003877,0.179483
E01003878,1.439012
E01003879,-0.067649
E01003880,0.304557
E01003881,0.439274
E01003882,0.281093
E01003883,-0.737862
E01003884,0.510301
E01003885,0.897425
E01003886,-0.937445
E01003887,2.694470
E01003888,0.992485
E01003889,1.912810
E01003890,2.346740
E01003891,1.279687
E01003892,-0.000000
E01003893,-0.052033
E01003894,-1.335085
E01003895,0.008793
E01003896,3.650991
E01003897,0.080623
E01003898,0.638420
E01003899,0.000000
E01003900,2.000000
E01003901,-0.522124
E01003902,-0.478305
E01003903,0.479905
E01003904,-0.425956
E01003905,0.366591
E01003906,0.631897
E01003907,0.517829
E01003908,1.634304
E01003909,-1.866151
E01003910,0.644443
E01003911,0.861160
E01003912,1.097416
E01003913,6.414543
E01003914,1.622639
E01003915,2.385326
E01003916,-0.033232
E01003917,1.021068
E01003918,4.784310
E01003919,0.592593
E01003920,-0.731204
E01003921,5.426449
E01003922,0.228279
E01003923,1.000000
E01003924,0.000000
E01003925,-0.398500
E01003926,0.220715
E01003927,0.000000
E01003929,9.044833
E01003930,1.112811
E01003932,1.588499
E01003933,0.451064
E01003934,2.732752
E01003935,-0.000000
E01003936,2.010450
E01003937,2.492810
E01003938,-0.194016
E01003939,-0.093532
E01003940,4.135087
E01003941,2.000000
E01003942,-0.281265
E01003943,-0.000000
E01003945,1.000000
E01003946,-0.608069
E01003947,-0.253680
E01003948,0.752279
E01003949,-0.984446
E01003950,2.417836
E01003951,-3.130786
E01003952,1.421053
E01003953,-1.111434
E01003954,-0.769852
E01003955,1.712313
E01003956,0.883102
E01003957,0.000000
E01003958,-0.784857
E01003960,1.903375
E01003961,3.410969
E01003963,0.340616
E01003964,0.000000
E01003966,0.806494
E01003967,-0.000000
E01003968,-0.145095
E01003969,8.190325
E01003970,0.240469
E01003971,1.127850
E01003972,0.734421
E01003973,3.442193
E01003974,-0.040403
E01003975,3.000000
E01003976,4.412019
E01003977,-0.326101
E01003978,-0.025549
E01003979,-0.341344
E01003980,4.632336
E01003981,1.620890
E01003983,1.164820
E01003984,0.860622
E01003986,-0.535607
E01003987,0.262634
E01003988,1.490217
E01003989,3.000000
E01003990,0.793096
E01003991,0.018864
E01003992,1.657705
E01003993,1.290653
E01003994,5.817189
E01003995,0.319829
E01003997,4.952227
E01003998,1.000000
E01003999,0.593743
E01004000,1.000000
E01004001,1.000000
E01004002,-0.083505
E01004003,1.796520
E01004004,4.015267
E01004005,2.553817
E01004006,-0.702167
E01004007,4.365555
E01004008,2.025252
E01004010,2.257556
E01004011,-0.719144
E01004012,-0.906565
E01004013,-1.415284
E01004014,2.485443
E01004015,1.088899
E01004016,-0.277635
E01004017,0.151386
E01004018,0.779273
E01004019,0.792181
E01004020,0.180932
E01004021,1.752739
E01004022,0.000000
E01004023,1.000000
E01004024,3.728041
E01004027,-0.641722
E01004028,6.619640
E01004029,0.447539
E01004030,1.755151
E01004031,2.651750
E01004032,2.000000
E01004033,2.526783
E01004034,1.389356
E01004035,1.411766
E01004036,4.125886
E01004037,3.522381
E01004038,2.550643
E01004039,1.000000
E01004040,0.782004
E01004041,1.897122
E01004042,1.610126
E01004043,1.198919
E01004044,0.000000
E01004045,0.306484
E01004046,0.711552
E01004047,0.412540
E01004048,-1.000000
E01004049,-0.025952
E01004050,-0.105624
E01004051,0.408307
E01004052,0.902262
E01004053,0.763556
E01004054,1.803482
E01004055,0.177465
E01004056,0.655935
E01004057,0.938507
E01004058,1.953462
E01004059,1.034199
E01004060,3.471546
E01004061,-0.400381
E01004062,0.447157
E01004063,2.068834
E01004064,-0.847926
E01004065,0.712881
E01004066,2.698667
E01004067,4.121664
E01004068,-1.384447
E01004069,1.000000
E01004070,-0.512088
E01004071,0.283641
E01004072,0.823514
E01004073,0.448382
E01004074,-1.652763
E01004075,0.825590
E01004076,-0.159547
E01004077,0.200002
E01004078,1.511530
E01004079,-0.256370
E01004080,0.354668
E01004081,0.501860
E01004082,-0.375000
E01004083,-0.789077
E01004084,0.000000
E01004085,-1.517980
E01004086,2.000000
E01004087,0.298384
E01004088,0.000000
E01004089,-3.603495
E01004090,1.784712
E01004091,0.245603
E01004092,0.192207
E01004093,1.360220
E01004094,-0.431629
E01004095,-0.031434
E01004096,0.435353
E01004097,0.451129
E01004098,1.984922
E01004099,1.205227
E01004100,0.511774
E01004101,0.178122
E01004102,2.663573
E01004103,-0.040588
E01004104,0.624534
E01004105,2.000000
E01004106,-0.621553
E01004107,1.523656
E01004108,0.923093
E01004109,-0.556153
E01004110,0.077635
E01004111,1.086498
E01004112,-0.000000
E01004114,3.513375
E01004115,-0.082983
E01004116,4.995158
E01004117,-0.940556
E01004118,1.608766
E01004119,0.709741
E01004120,0.000000
E01004121,1.000000
E01004122,-0.150366
E01004123,1.419881
E01004124,1.634978
E01004125,1.000000
E01004126,2.172971
E01004127,0.306266
E01004128,0.001256
E01004129,-0.229763
E01004130,2.643545
E01004131,0.710013
E01004132,0.506699
E01004133,0.439227
E01004134,0.800000
E01004135,0.933933
E01004136,0.000000
E01004137,1.000000
E01004138,0.237705
E01004139,-0.284787
E01004140,1.784072
E01004141,0.227721
E01004142,0.304802
E01004143,0.350843
E01004144,0.000000
E01004145,-0.000000
E01004146,3.537326
E01004147,0.003214
E01004148,0.723987
E01004149,-0.055909
E01004150,1.498551
E01004151,1.000000
E01004152,2.119705
E01004153,2.115058
E01004154,0.333333
E01004155,0.249385
E01004156,0.010441
E01004157,0.000000
E01004158,-1.593987
E01004159,1.000000
E01004160,0.654796
E01004161,-0.294021
E01004162,-1.278682
E01004163,0.095323
E01004164,2.208398
E01004165,0.000000
E01004166,-0.600272
E01004167,0.063280
E01004168,0.982222
E01004169,-1.617161
E01004170,1.232757
E01004171,2.914630
E01004172,-0.237544
E01004173,-1.274728
E01004174,0.256874
E01004175,0.000000
E01004176,-1.324295
E01004177,0.851445
E01004178,-0.625636
E01004179,3.131186
E01004180,0.306125
E01004181,3.347667
E01004182,1.000000
E01004183,0.160527
E01004184,1.794469
E01004185,2.000000
E01004186,0.000000
E01004187,-0.059373
E01004188,0.000000
E01004189,2.408505
E01004190,-0.050801
E01004191,0.413401
E01004192,0.000000
E01004193,0.409748
E01004194,0.583333
E01004195,-4.000000
E01004196,0.000000
E01004197,0.066927
E01004198,0.548731
E01004199,2.633614
E01004200,-3.063082
E01004201,1.296901
E01004202,3.676558
E01004203,-0.000000
E01004204,0.602937
E01004205,0.319968
E01004206,-1.482534
E01004207,0.241582
E01004208,5.305058
E01004209,0.506616
E01004211,1.918450
E01004212,2.630353
E01004214,1.386726
E01004215,-0.000000
E01004216,0.000000
E01004217,0.651166
E01004218,0.769868
E01004219,5.815910
E01004221,2.002612
E01004222,1.712297
E01004223,-1.101066
E01004224,0.000000
E01004225,0.077990
E01004226,0.611978
E01004228,0.000000
E01004229,0.000000
E01004230,-0.343350
E01004231,-2.140297
E01004232,3.702991
E01004233,2.136912
E01004234,3.917990
E01004235,0.372562
E01004236,0.000000
E01004237,-0.000000
E01004238,0.218838
E01004239,0.116999
E01004240,-0.054083
E01004241,-2.443280
E01004242,-0.000000
E01004243,-0.189822
E01004244,-1.632967
E01004245,1.476015
E01004246,0.032209
E01004247,0.000000
E01004248,-1.588547
E01004249,-2.304285
E01004250,-0.000000
E01004251,5.176653
E01004252,-0.006060
E01004253,-0.564252
E01004254,0.000000
E01004255,-0.733200
E01004256,1.000000
E01004257,1.288363
E01004258,0.205127
E01004259,0.162003
E01004260,-0.435687
E01004261,-0.034556
E01004262,0.106220
E01004263,1.631585
E01004264,1.631764
E01004266,-1.372769
E01004267,-0.816177
E01004268,0.060287
E01004269,0.000000
E01004270,4.128027
E01004271,0.245634
E01004272,2.835907
E01004273,0.000000
E01004274,0.714284
E01004275,0.077214
E01004276,0.375005
E01004277,1.445079
E01004280,2.492539
E01004281,0.753857
E01004283,-0.024305
E01004284,-0.336437
E01004285,2.935969
E01004286,1.101320
E01004287,0.290322
E01004288,0.032316
E01004289,1.234724
E01004290,0.154755
E01004291,9.000000
E01004292,0.484597
E01004293,1.756876
E01004294,-0.000000
E01004295,0.029592
E01004296,1.405690
E01004297,-1.331104
E01004298,-0.687047
E01004300,0.806690
E01004301,0.195340
E01004302,0.702116
E01004303,0.000000
E01004304,3.543292
E01004305,1.085332
E01004306,-1.350876
E01004307,5.862757
E01004308,1.218500
E01004309,4.578310
E01004310,5.043405
E01004311,-0.082577
E01004312,-1.030243
E01004313,2.961702
E01004314,-0.051494
E01004315,-0.611227
E01004316,-0.269049
E01004317,0.000000
E01004318,-0.000000
E01004319,-0.617320
E01004321,1.139830
E01004322,2.859734
E01004323,-1.057080
E01004324,0.873934
E01004325,-0.008061
E01004326,-4.192432
E01004327,2.470929
E01004328,0.303082
E01004329,1.229794
E01004330,-0.499964
E01004331,0.037609
E01004332,0.775228
E01004333,0.452396
E01004334,-0.864053
E01004335,0.057599
E01004336,1.000000
E01004337,-0.512096
E01004338,0.000000
E01004339,-0.000000
E01004340,0.039304
E01004341,1.886486
E01004342,0.832761
E01004343,0.571429
E01004344,2.597777
E01004345,-0.991706
E01004346,1.238763
E01004347,0.174314
E01004348,-0.035910
E01004349,-1.004271
E01004350,1.000000
E01004351,-0.484062
E01004352,2.676628
E01004353,1.000000
E01004354,1.837593
E01004355,2.568629
E01004356,0.361702
E01004357,0.845803
E01004358,0.954648
E01004359,1.658767
E01004360,0.261825
E01004361,0.314284
E01004362,-1.027078
E01004363,0.128673
E01004364,0.059962
E01004365,0.699964
E01004366,-0.121798
E01004367,-0.034564
E01004368,-0.323704
E01004369,0.446129
E01004370,0.404777
E01004371,1.000000
E01004372,0.503723
E01004373,0.800000
E01004374,-0.004088
E01004375,0.590177
E01004376,-0.116363
E01004377,0.464980
E01004378,0.981651
E01004379,0.496542
E01004380,1.850817
E01004381,-0.752412
E01004382,-0.450220
E01004383,0.782964
E01004384,-0.083831
E01004385,0.000000
E01004386,0.128733
E01004387,0.978496
E01004388,-0.421411
E01004389,-1.776275
E01004390,1.543487
E01004391,-0.309686
E01004392,2.437963
E01004393,0.842108
E01004394,4.813200
E01004395,-0.092804
E01004396,1.712050
E01004397,3.675463
E01004398,1.641986
E01004399,0.000000
E01004400,2.424550
E01004401,2.652229
E01004402,0.000000
E01004403,0.149829
E01004404,0.532097
E01004405,0.675037
E01004406,0.047482
E01004407,-1.755617
E01004408,3.159836
E01004409,6.262482
E01004410,0.069756
E01004411,1.558826
E01004412,-0.122234
E01004413,2.125234
E01004414,-1.099125
E01004415,0.000000
E01004416,4.356036
E01004417,-1.957497
E01004418,-0.291667
E01004419,1.677540
E01004420,2.473854
E01004421,0.315484
E01004422,7.462161
E01004423,1.200432
E01004424,2.637310
E01004425,-0.762848
E01004426,-0.665729
E01004427,0.157940
E01004428,2.104461
E01004429,3.256999
E01004430,0.000000
E01004432,1.116169
E01004434,3.862939
E01004435,0.224936
E01004436,3.585600
E01004437,0.922143
E01004438,4.514077
E01004439,0.504009
E01004440,2.030056
E01004441,0.000000
E01004442,0.868162
E01004443,-1.090030
E01004444,0.220252
E01004445,-0.315776
E01004446,-0.221580
E01004447,0.795676
E01004448,1.129718
E01004449,1.278584
E01004450,-0.435234
E01004451,-0.641169
E01004452,1.243269
E01004453,2.060405
E01004454,0.571421
E01004455,1.000000
E01004456,0.181412
E01004457,-0.417936
E01004458,-0.776439
E01004459,0.013184
E01004460,4.132497
E01004461,-0.000000
E01004462,1.000000
E01004463,1.517862
E01004464,0.620029
E01004465,0.000000
E01004466,0.480340
E01004467,0.530727
E01004468,0.000000
E01004469,2.032282
E01004470,1.172093
E01004471,0.502613
E01004472,0.856103
E01004473,0.381505
E01004474,3.019584
E01004475,2.363070
E01004476,0.772517
E01004477,2.000000
E01004478,-0.560548
E01004479,1.055343
E01004480,1.380940
E01004481,0.793765
E01004482,-0.075912
E01004483,-0.415646
E01004484,0.827617
E01004485,4.649024
E01004486,-0.146612
E01004487,0.472567
E01004488,0.270695
E01004489,-2.197890
E01004490,0.954388
E01004491,0.350659
E01004492,1.448934
E01004493,-0.076402
E01004494,0.833736
E01004495,0.669434
E01004496,1.594522
E01004497,-0.159347
E01004498,0.228575
E01004499,0.516999
E01004500,0.000000
E01004501,0.629256
E01004502,0.000000
E01004503,0.000000
E01004504,-0.469022
E01004505,0.182142
E01004506,1.799511
E01004507,1.000000
E01004508,0.090371
E01004509,0.000000
E01004510,1.370953
E01004511,0.894884
E01004512,1.717982
E01004513,1.402980
E01004514,-0.541667
E01004515,0.448185
E01004516,-1.000000
E01004517,-0.487682
E01004518,1.498345
E01004519,0.000000
E01004520,-0.040955
E01004521,0.129265
E01004522,-0.787128
E01004523,-0.226172
E01004524,-0.139626
E01004525,3.504507
E01004526,0.000000
E01004527,1.000000
E01004528,-2.463206
E01004529,-0.815650
E01004530,-1.060159
E01004531,-0.000000
E01004532,1.000000
E01004533,-0.066254
E01004534,-1.105859
E01004535,0.189577
E01004536,1.769050
E01004537,2.923835
E01004538,-0.403634
E01004539,0.486122
E01004540,-0.777887
E01004541,0.615576
E01004542,0.314262
E01004543,1.976401
E01004544,0.910154
E01004545,3.078849
E01004546,-0.684921
E01004547,1.053063
E01004548,-0.751617
E01004549,0.383223
E01004550,-0.063404
E01004551,7.779662
E01004552,-0.209358
E01004553,1.666666
E01004554,1.000000
E01004555,-0.439029
E01004556,0.333327
E01004557,1.409634
E01004558,-0.000000
E01004559,2.308422
E01004560,3.680517
E01004562,-0.096871
E01004563,-0.632878
E01004564,2.848888
E01004565,1.185162
E01004566,6.545411
E01004567,1.935313
E01004568,0.791370
E01004569,-0.132187
E01004570,0.213257
E01004571,-0.000000
E01004572,0.577590
E01004573,0.242483
E01004574,-0.142862
E01004575,-0.153512
E01004576,0.201745
E01004577,-0.767412
E01004579,0.966743
E01004580,-3.182299
E01004581,1.745410
E01004582,-0.135861
E01004583,-0.458333
E01004584,-0.068808
E01004585,3.654973
E01004586,0.588620
E01004587,-0.374919
E01004588,-2.735642
E01004589,2.000000
E01004590,4.216608
E01004591,2.649289
E01004592,0.091239
E01004593,0.477548
E01004594,-0.239321
E01004595,0.284850
E01004596,-0.608724
E01004597,-1.459072
E01004598,-0.004640
E01004599,0.418332
E01004600,-1.241585
E01004601,-0.729453
E01004602,-0.343156
E01004604,1.507603
E01004605,0.086352
E01004606,0.459574
E01004607,0.581206
E01004608,0.209675
E01004609,1.000000
E01004610,0.045964
E01004611,0.030274
E01004612,0.414870
E01004613,0.820145
E01004614,0.246892
E01004615,1.000000
E01004616,-0.569793
E01004617,0.964022
E01004618,0.009320
E01004619,0.538558
E01004620,0.094730
E01004621,-0.828595
E01004622,1.832895
E01004623,1.000000
E01004624,-0.622827
E01004625,-0.470876
E01004626,-0.845499
E01004627,1.301679
E01004628,2.905950
E01004629,0.901147
E01004630,-0.083774
E01004631,0.416290
E01004632,0.720985
E01004633,-1.385142
E01004634,2.610477
E01004635,-2.115225
E01004636,-0.000000
E01004637,1.896656
E01004638,-0.675494
E01004639,2.224946
E01004640,-0.308697
E01004641,0.008908
E01004642,1.390420
E01004643,0.590754
E01004644,1.424040
E01004645,0.392165
E01004646,2.458333
E01004647,3.391116
E01004648,7.402584
E01004649,0.829525
E01004650,0.854875
E01004651,0.430333
E01004652,1.895764
E01004653,-0.356738
E01004654,4.061044
E01004656,1.604031
E01004657,4.786492
E01004658,0.113960
E01004659,1.639417
E01004660,1.647884
E01004661,7.098249
E01004662,0.658632
E01004663,1.964170
E01004665,0.598636
E01004666,-0.000000
E01004667,-0.000000
E01004668,-0.336772
E01004669,0.506696
E01004670,-0.335543
E01004674,1.845788
E01004675,3.000000
E01004676,0.452085
E01004677,1.586079
E01004678,-0.437878
E01004679,1.934051
E01004680,-1.527428
E01004681,-0.623343
E01004682,1.127666
E01004683,1.620300
E01004684,0.954645
E01004686,2.049661
E01004687,2.282782
E01004688,0.329902
E01004689,-0.003093
E01004690,2.415586
E01004691,1.376919
E01004692,0.966460
E01004693,6.456392
E01004694,-0.000000
E01004695,2.457963
E01004696,2.569492
E01004697,-0.163525
E01004698,1.001333
E01004699,6.000000
E01004700,-1.475015
E01004701,-0.078818
E01004702,-1.469847
E01004703,1.060321
E01004705,0.176333
E01004706,-1.645174
E01004707,0.199897
E01004708,1.793237
E01004709,2.000000
E01004710,1.000000
E01004711,-0.000000
E01004712,3.724365
E01004713,3.069766
E01004714,11.000000
E01004715,1.987293
E01004716,1.947613
E01004717,1.672827
E01004718,5.589614
E01004719,0.000000
E01004720,-0.153304
E01004721,-0.208027
E01004722,-0.054454
E01004723,3.116442
E01004724,-0.092905
E01004725,0.627986
E01004726,-0.980603
E01004727,-0.362200
E01004728,-0.998436
E01004729,-1.435922
E01004730,0.136155
E01004731,6.000000
E01004732,1.381983
E01004733,-5.135677
E01004734,16.669387
E01004735,7.166722
E01004736,11.705057
E01004737,-1.261050
E01004738,0.000000
E01004739,-0.061433
E01004740,0.330534
E01004741,1.751325
E01004742,2.848642
E01004743,0.454681
E01004744,1.675175
E01004745,0.031496
E01004746,1.529686
E01004747,-0.424939
E01004748,3.107476
E01004749,-0.441226
E01004750,4.750797
E01004751,-0.942927
E01004752,2.425222
E01004753,1.540240
E01004754,4.501565
E01004755,1.893796
E01004756,1.888208
E01004757,-0.923194
E01004760,0.999269
E01004761,9.068331
E01004762,0.343615
E01004763,19.268377
E01004765,4.489471
E01032512,2.556748
E01032513,-2.298970
E01032562,0.378471
E01032563,0.248745
E01032564,1.307700
E01032565,1.879402
E01032566,-0.502141
E01032567,0.744205
E01032568,0.392181
E01032569,-0.418787
E01032570,0.000000
E01032572,-0.272039
E01032573,5.443360
E01032574,0.944152
E01032575,-2.626101
E01032576,-0.292762
E01032577,1.013207
E01032579,-2.200819
E01032580,0.781821
E01032581,0.415419
E01032582,5.495505
E01032583,2.608034
E01032584,-0.680773
E01032623,-0.075783
E01032637,0.919223
E01032638,-0.232600
E01032639,0.393171
E01032640,4.231929
E01032646,2.928996
E01032719,0.000000
E01032720,-0.000000
E01032722,-0.053540
E01032739,2.598982
E01032740,5.928096
E01032741,1.368770
E01032742,-0.287207
E01032743,2.380781
E01032744,2.785494
E01032764,6.988565
E01032765,1.000000
E01032766,-0.042910
E01032767,3.670617
E01032768,0.444445
E01032769,1.384020
E01032770,0.328053
E01032771,3.041808
E01032772,2.000000
E01032773,0.000000
E01032774,-0.379488
E01032776,-1.172380
E01032777,0.006310
E01032778,-0.227035
E01032779,3.532085
E01032780,0.744987
E01032781,2.338264
E01032782,0.232687
E01032783,0.271257
E01032784,-0.951040
E01032785,0.133489
E01032786,0.295223
E01032787,3.949888
E01032788,-1.075434
E01032789,0.370745
E01032790,0.199995
E01032803,-0.020454
E01032805,-0.000000
E01032834,-0.287440
E01033000,1.072568
E01033030,-3.519845
E01033081,-1.681223
E01033082,-0.455216
E01033083,2.000000
E01033084,0.468946
E01033085,-0.000000
E01033086,-0.002264
E01033093,-1.252113
E01033098,5.293904
E01033099,-0.277083
E01033100,3.292323
E01033101,-0.286477
E01033132,5.785274
E01033133,-0.988565
E01033135,-0.217742
E01033146,1.000000
E01033148,-1.073693
E01033150,0.600007
E01033151,2.000000
E01033153,-0.291667
E01033207,-0.000000
E01033208,2.082321
E01033320,0.904029
E01033322,0.128708
E01033324,0.000000
E01033325,1.751033
E01033327,0.939474
E01033341,1.103815
E01033424,1.462496
E01033455,1.556480
E01033456,-0.572988
E01033457,0.714279
E01033463,2.468596
E01033464,-0.035423
E01033485,-1.000000
E01033486,-0.400117
E01033487,-0.081333
E01033488,1.867965
E01033489,-6.331562
E01033490,3.375000
E01033491,2.295521
E01033492,-0.058229
E01033493,2.257076
E01033494,2.104614
E01033568,0.000000
E01033569,0.869618
E01033570,2.114409
E01033571,0.404815
E01033572,-0.033971
E01033573,-0.000000
E01033574,-0.007981
E01033575,-0.000080
E01033576,-0.321114
E01033577,-0.002602
E01033578,-0.073300
E01033579,0.829562
E01033580,5.571597
E01033581,-1.344494
E01033582,0.000000
E01033583,0.000000
E01033584,0.942295
E01033585,0.007810
E01033586,1.641058
E01033587,3.417616
E01033588,-0.036416
E01033589,-0.512157
E01033590,0.201557
E01033591,3.000000
E01033592,1.793442
E01033593,0.537224
E01033594,6.533391
E01033595,-0.000000
E01033596,2.062760
E01033597,3.000000
E01033598,1.615021
E01033599,0.496908
E01033600,0.918478
E01033601,0.719521
E01033602,0.357802
E01033603,6.875960
E01033604,4.504761
E01033605,3.000000
E01033606,-0.000247
E01033607,-0.115789
E01033608,0.000000
E01033698,0.000000
E01033699,2.781282
E01033700,4.478118
E01033701,-0.469439
E01033702,2.123907
E01033703,-2.808543
E01033704,2.925891
E01033705,0.000000
E01033706,3.880599
E01033707,-0.072270
E01033708,5.390170
E01033709,0.384938
E01033710,-0.869133
E01033711,1.015060
E01033712,0.439521
E01033713,6.358091
E01033724,-0.034812
E01033725,-0.003095
E01033726,-0.070267
E01033727,-1.084770
E01033728,1.448060
E01033729,-0.336432
E01033730,-0.281408
E01033731,-0.006201
E01033732,1.151690
E01033733,-0.000000
E01033734,0.570524
E01033735,1.248292
E01033736,0.904060
E01033737,0.213163
E01033738,0.390027
E01033739,-0.161802
E01033740,-0.559310
E01033741,0.090868
E01033742,1.138225
E01033743,-2.131927
E01033744,-0.358753
E01033745,1.000000
E01033746,-0.773084
