date,region,sales
2023-01-01,North,4447
2023-01-01,South,3875
2023-01-01,East,4582
2023-01-01,West,5370
2023-01-02,North,3789
2023-01-02,South,3789
2023-01-02,East,5421
2023-01-02,West,4690
2023-01-03,North,3577
2023-01-03,South,4488
2023-01-03,East,3582
2023-01-03,West,3580
2023-01-04,North,4217
2023-01-04,South,2278
2023-01-04,East,2447
2023-01-04,West,3493
2023-01-05,North,3088
2023-01-05,South,4282
2023-01-05,East,3182
2023-01-05,West,2728
2023-01-06,North,5319
2023-01-06,South,3796
2023-01-06,East,4060
2023-01-06,West,2717
2023-01-07,North,3510
2023-01-07,South,4099
2023-01-07,East,2964
2023-01-07,West,4338
2023-01-08,North,3459
2023-01-08,South,3737
2023-01-08,East,3458
2023-01-08,West,5667
2023-01-09,North,3987
2023-01-09,South,3048
2023-01-09,East,4740
2023-01-09,West,2901
2023-01-10,North,4187
2023-01-10,South,2236
2023-01-10,East,2804
2023-01-10,West,4177
2023-01-11,North,4664
2023-01-11,South,4154
2023-01-11,East,3895
2023-01-11,West,3729
2023-01-12,North,2669
2023-01-12,South,3352
2023-01-12,East,3585
2023-01-12,West,4951
2023-01-13,North,4309
2023-01-13,South,2413
2023-01-13,East,4291
2023-01-13,West,3653
2023-01-14,North,3390
2023-01-14,South,4550
2023-01-14,East,4927
2023-01-14,West,4838
2023-01-15,North,3244
2023-01-15,South,3721
2023-01-15,East,4298
2023-01-15,West,4877
2023-01-16,North,3568
2023-01-16,South,3832
2023-01-16,East,3004
2023-01-16,West,2923
2023-01-17,North,4731
2023-01-17,South,5220
2023-01-17,East,3935
2023-01-17,West,4903
2023-01-18,North,4325
2023-01-18,South,3419
2023-01-18,East,4325
2023-01-18,West,5384
2023-01-19,North,3967
2023-01-19,South,5408
2023-01-19,East,1642
2023-01-19,West,4739
2023-01-20,North,4078
2023-01-20,South,3730
2023-01-20,East,4082
2023-01-20,West,2211
2023-01-21,North,3802
2023-01-21,South,4321
2023-01-21,East,5330
2023-01-21,West,3533
2023-01-22,North,3272
2023-01-22,South,3548
2023-01-22,East,4823
2023-01-22,West,4295
2023-01-23,North,3523
2023-01-23,South,4461
2023-01-23,East,4087
2023-01-23,West,4871
2023-01-24,North,3368
2023-01-24,South,3705
2023-01-24,East,3647
2023-01-24,West,2682
2023-01-25,North,4266
2023-01-25,South,4234
2023-01-25,East,4004
2023-01-25,West,3788
2023-01-26,North,2726
2023-01-26,South,3621
2023-01-26,East,3691
2023-01-26,West,3277
2023-01-27,North,3854
2023-01-27,South,4363
2023-01-27,East,5697
2023-01-27,West,4157
2023-01-28,North,4231
2023-01-28,South,3932
2023-01-28,East,2273
2023-01-28,West,3976
2023-01-29,North,4054
2023-01-29,South,6216
2023-01-29,East,3826
2023-01-29,West,4271
2023-01-30,North,3968
2023-01-30,South,2948
2023-01-30,East,5028
2023-01-30,West,4676
2023-01-31,North,4711
2023-01-31,South,3181
2023-01-31,East,5262
2023-01-31,West,2738
2023-02-01,North,4528
2023-02-01,South,5971
2023-02-01,East,3108
2023-02-01,West,3490
2023-02-02,North,4089
2023-02-02,South,3546
2023-02-02,East,2604
2023-02-02,West,4061
2023-02-03,North,3043
2023-02-03,South,4426
2023-02-03,East,3172
2023-02-03,West,5394
2023-02-04,North,3295
2023-02-04,South,3710
2023-02-04,East,4732
2023-02-04,West,2892
2023-02-05,North,4204
2023-02-05,South,5176
2023-02-05,East,2553
2023-02-05,West,4166
2023-02-06,North,4233
2023-02-06,South,4703
2023-02-06,East,2886
2023-02-06,West,2811
2023-02-07,North,4469
2023-02-07,South,4267
2023-02-07,East,4225
2023-02-07,West,4311
2023-02-08,North,3387
2023-02-08,South,4209
2023-02-08,East,4263
2023-02-08,West,3357
2023-02-09,North,5679
2023-02-09,South,4426
2023-02-09,East,2927
2023-02-09,West,4590
2023-02-10,North,3122
2023-02-10,South,4708
2023-02-10,East,5042
2023-02-10,West,3261
2023-02-11,North,4867
2023-02-11,South,4371
2023-02-11,East,4739
2023-02-11,West,5707
2023-02-12,North,3779
2023-02-12,South,3321
2023-02-12,East,3199
2023-02-12,West,3265
2023-02-13,North,3930
2023-02-13,South,4307
2023-02-13,East,4249
2023-02-13,West,4744
2023-02-14,North,4011
2023-02-14,South,5308
2023-02-14,East,3761
2023-02-14,West,6448
2023-02-15,North,4563
2023-02-15,South,3228
2023-02-15,East,3036
2023-02-15,West,4434
2023-02-16,North,3798
2023-02-16,South,4642
2023-02-16,East,4425
2023-02-16,West,3934
2023-02-17,North,3237
2023-02-17,South,2636
2023-02-17,East,3598
2023-02-17,West,4770
2023-02-18,North,4192
2023-02-18,South,2878
2023-02-18,East,4155
2023-02-18,West,4346
2023-02-19,North,3204
2023-02-19,South,4138
2023-02-19,East,4052
2023-02-19,West,2971
2023-02-20,North,4322
2023-02-20,South,4504
2023-02-20,East,4974
2023-02-20,West,4948
2023-02-21,North,2760
2023-02-21,South,3155
2023-02-21,East,4463
2023-02-21,West,4462
2023-02-22,North,4463
2023-02-22,South,7467
2023-02-22,East,4513
2023-02-22,West,5022
2023-02-23,North,4858
2023-02-23,South,4586
2023-02-23,East,3716
2023-02-23,West,4683
2023-02-24,North,3304
2023-02-24,South,3786
2023-02-24,East,3563
2023-02-24,West,4073
2023-02-25,North,6083
2023-02-25,South,2319
2023-02-25,East,4617
2023-02-25,West,2548
2023-02-26,North,3575
2023-02-26,South,4980
2023-02-26,East,4057
2023-02-26,West,3030
2023-02-27,North,3356
2023-02-27,South,4611
2023-02-27,East,3342
2023-02-27,West,4194
2023-02-28,North,4041
2023-02-28,South,3413
2023-02-28,East,5929
2023-02-28,West,4570
2023-03-01,North,2177
2023-03-01,South,4167
2023-03-01,East,3404
2023-03-01,West,4767
2023-03-02,North,3286
2023-03-02,South,3896
2023-03-02,East,4454
2023-03-02,West,4779
2023-03-03,North,2919
2023-03-03,South,3698
2023-03-03,East,3572
2023-03-03,West,3412
2023-03-04,North,5588
2023-03-04,South,4364
2023-03-04,East,2865
2023-03-04,West,4826
2023-03-05,North,5909
2023-03-05,South,4929
2023-03-05,East,2632
2023-03-05,West,3564
2023-03-06,North,5140
2023-03-06,South,3363
2023-03-06,East,4399
2023-03-06,West,4697
2023-03-07,North,3165
2023-03-07,South,3946
2023-03-07,East,1082
2023-03-07,West,3078
2023-03-08,North,3772
2023-03-08,South,2876
2023-03-08,East,5469
2023-03-08,West,2712
2023-03-09,North,3603
2023-03-09,South,4117
2023-03-09,East,5297
2023-03-09,West,2707
2023-03-10,North,5046
2023-03-10,South,4009
2023-03-10,East,3116
2023-03-10,West,4415
2023-03-11,North,4179
2023-03-11,South,3459
2023-03-11,East,4062
2023-03-11,West,3653
2023-03-12,North,4102
2023-03-12,South,4595
2023-03-12,East,5427
2023-03-12,West,2885
2023-03-13,North,5919
2023-03-13,South,2243
2023-03-13,East,3863
2023-03-13,West,4529
2023-03-14,North,4252
2023-03-14,South,3439
2023-03-14,East,3812
2023-03-14,West,3556
2023-03-15,North,3469
2023-03-15,South,4764
2023-03-15,East,4321
2023-03-15,West,3376
2023-03-16,North,4809
2023-03-16,South,4276
2023-03-16,East,4731
2023-03-16,West,4566
2023-03-17,North,3253
2023-03-17,South,3495
2023-03-17,East,4672
2023-03-17,West,4549
2023-03-18,North,3981
2023-03-18,South,4105
2023-03-18,East,5149
2023-03-18,West,3467
2023-03-19,North,4492
2023-03-19,South,3818
2023-03-19,East,3804
2023-03-19,West,4988
2023-03-20,North,4742
2023-03-20,South,4732
2023-03-20,East,5174
2023-03-20,West,4018
2023-03-21,North,4613
2023-03-21,South,3720
2023-03-21,East,4291
2023-03-21,West,3882
2023-03-22,North,4087
2023-03-22,South,4535
2023-03-22,East,3263
2023-03-22,West,5883
2023-03-23,North,3094
2023-03-23,South,2907
2023-03-23,East,5042
2023-03-23,West,4712
2023-03-24,North,4561
2023-03-24,South,4565
2023-03-24,East,3988
2023-03-24,West,3192
2023-03-25,North,4068
2023-03-25,South,3390
2023-03-25,East,4877
2023-03-25,West,3867
2023-03-26,North,3257
2023-03-26,South,3710
2023-03-26,East,4371
2023-03-26,West,3492
2023-03-27,North,3260
2023-03-27,South,4219
2023-03-27,East,4220
2023-03-27,West,3543
2023-03-28,North,3576
2023-03-28,South,4208
2023-03-28,East,2696
2023-03-28,West,2733
2023-03-29,North,3353
2023-03-29,South,3807
2023-03-29,East,4279
2023-03-29,West,5327
2023-03-30,North,4771
2023-03-30,South,3856
2023-03-30,East,3982
2023-03-30,West,3097
2023-03-31,North,3983
2023-03-31,South,3740
2023-03-31,East,4290
2023-03-31,West,3255
2023-04-01,North,4467
2023-04-01,South,5379
2023-04-01,East,3902
2023-04-01,West,4361
2023-04-02,North,4621
2023-04-02,South,3638
2023-04-02,East,4201
2023-04-02,West,4011
2023-04-03,North,4087
2023-04-03,South,3304
2023-04-03,East,4022
2023-04-03,West,4448
2023-04-04,North,5306
2023-04-04,South,4863
2023-04-04,East,5937
2023-04-04,West,3309
2023-04-05,North,4785
2023-04-05,South,4165
2023-04-05,East,5970
2023-04-05,West,3272
2023-04-06,North,3244
2023-04-06,South,3460
2023-04-06,East,2088
2023-04-06,West,3526
2023-04-07,North,3316
2023-04-07,South,4135
2023-04-07,East,4307
2023-04-07,West,5688
2023-04-08,North,4855
2023-04-08,South,3480
2023-04-08,East,3191
2023-04-08,West,4442
2023-04-09,North,2811
2023-04-09,South,5648
2023-04-09,East,5061
2023-04-09,West,3577
2023-04-10,North,2458
2023-04-10,South,5218
2023-04-10,East,3896
2023-04-10,West,5114
2023-04-11,North,2565
2023-04-11,South,3460
2023-04-11,East,4004
2023-04-11,West,4042
2023-04-12,North,3594
2023-04-12,South,4560
2023-04-12,East,3039
2023-04-12,West,3871
2023-04-13,North,4108
2023-04-13,South,4462
2023-04-13,East,4640
2023-04-13,West,2987
2023-04-14,North,2619
2023-04-14,South,5149
2023-04-14,East,4299
2023-04-14,West,3326
2023-04-15,North,5396
2023-04-15,South,4104
2023-04-15,East,5061
2023-04-15,West,4060
2023-04-16,North,5854
2023-04-16,South,5579
2023-04-16,East,3775
2023-04-16,West,4874
2023-04-17,North,4580
2023-04-17,South,5231
2023-04-17,East,3131
2023-04-17,West,4617
2023-04-18,North,4952
2023-04-18,South,2417
2023-04-18,East,2935
2023-04-18,West,2164
2023-04-19,North,3757
2023-04-19,South,4645
2023-04-19,East,5352
2023-04-19,West,4066
2023-04-20,North,5465
2023-04-20,South,2757
2023-04-20,East,2466
2023-04-20,West,3950
2023-04-21,North,4345
2023-04-21,South,3970
2023-04-21,East,2139
2023-04-21,West,3919
2023-04-22,North,2825
2023-04-22,South,4602
2023-04-22,East,4329
2023-04-22,West,3154
2023-04-23,North,3537
2023-04-23,South,3046
2023-04-23,East,3943
2023-04-23,West,4859
2023-04-24,North,3112
2023-04-24,South,4453
2023-04-24,East,3522
2023-04-24,West,3286
2023-04-25,North,3903
2023-04-25,South,3068
2023-04-25,East,3501
2023-04-25,West,2921
2023-04-26,North,5768
2023-04-26,South,4031
2023-04-26,East,3370
2023-04-26,West,4192
2023-04-27,North,3898
2023-04-27,South,3801
2023-04-27,East,4552
2023-04-27,West,4681
2023-04-28,North,3522
2023-04-28,South,3481
2023-04-28,East,3752
2023-04-28,West,1928
2023-04-29,North,2636
2023-04-29,South,5230
2023-04-29,East,5480
2023-04-29,West,3775
2023-04-30,North,4518
2023-04-30,South,4280
2023-04-30,East,6770
2023-04-30,West,5007
2023-05-01,North,3884
2023-05-01,South,3140
2023-05-01,East,2554
2023-05-01,West,4183
2023-05-02,North,3319
2023-05-02,South,2719
2023-05-02,East,3418
2023-05-02,West,3026
2023-05-03,North,5518
2023-05-03,South,4793
2023-05-03,East,3992
2023-05-03,West,5331
2023-05-04,North,4069
2023-05-04,South,3224
2023-05-04,East,5370
2023-05-04,West,4485
2023-05-05,North,3066
2023-05-05,South,3828
2023-05-05,East,3211
2023-05-05,West,2755
2023-05-06,North,4833
2023-05-06,South,5718
2023-05-06,East,2741
2023-05-06,West,4506
2023-05-07,North,3414
2023-05-07,South,3561
2023-05-07,East,3466
2023-05-07,West,3222
2023-05-08,North,4043
2023-05-08,South,3252
2023-05-08,East,4243
2023-05-08,West,3954
2023-05-09,North,3784
2023-05-09,South,3183
2023-05-09,East,3480
2023-05-09,West,4679
2023-05-10,North,4450
2023-05-10,South,3120
2023-05-10,East,4089
2023-05-10,West,4676
2023-05-11,North,2497
2023-05-11,South,4489
2023-05-11,East,3403
2023-05-11,West,4513
2023-05-12,North,3313
2023-05-12,South,2375
2023-05-12,East,2535
2023-05-12,West,4043
2023-05-13,North,4233
2023-05-13,South,3186
2023-05-13,East,4574
2023-05-13,West,2504
2023-05-14,North,3940
2023-05-14,South,2910
2023-05-14,East,3413
2023-05-14,West,4042
2023-05-15,North,3225
2023-05-15,South,3653
2023-05-15,East,4905
2023-05-15,West,3480
2023-05-16,North,4752
2023-05-16,South,2983
2023-05-16,East,4476
2023-05-16,West,5297
2023-05-17,North,1775
2023-05-17,South,3282
2023-05-17,East,4519
2023-05-17,West,3817
2023-05-18,North,4334
2023-05-18,South,3456
2023-05-18,East,4077
2023-05-18,West,3859
2023-05-19,North,5051
2023-05-19,South,4228
2023-05-19,East,4303
2023-05-19,West,3629
2023-05-20,North,3561
2023-05-20,South,3610
2023-05-20,East,4355
2023-05-20,West,3621
2023-05-21,North,4260
2023-05-21,South,5867
2023-05-21,East,4784
2023-05-21,West,3706
2023-05-22,North,5081
2023-05-22,South,3632
2023-05-22,East,2165
2023-05-22,West,3092
2023-05-23,North,2316
2023-05-23,South,3683
2023-05-23,East,4016
2023-05-23,West,5508
2023-05-24,North,4294
2023-05-24,South,3802
2023-05-24,East,4746
2023-05-24,West,2009
2023-05-25,North,4212
2023-05-25,South,4693
2023-05-25,East,2669
2023-05-25,West,5029
2023-05-26,North,4304
2023-05-26,South,3626
2023-05-26,East,4569
2023-05-26,West,6043
2023-05-27,North,4163
2023-05-27,South,4223
2023-05-27,East,3586
2023-05-27,West,3235
2023-05-28,North,4747
2023-05-28,South,3229
2023-05-28,East,4064
2023-05-28,West,3570
2023-05-29,North,4431
2023-05-29,South,4300
2023-05-29,East,4933
2023-05-29,West,3540
2023-05-30,North,3757
2023-05-30,South,3119
2023-05-30,East,3600
2023-05-30,West,4339
2023-05-31,North,4681
2023-05-31,South,3170
2023-05-31,East,4782
2023-05-31,West,5220
2023-06-01,North,4372
2023-06-01,South,5689
2023-06-01,East,3303
2023-06-01,West,2879
2023-06-02,North,2399
2023-06-02,South,5346
2023-06-02,East,4588
2023-06-02,West,3949
2023-06-03,North,4251
2023-06-03,South,2987
2023-06-03,East,6201
2023-06-03,West,4116
2023-06-04,North,4098
2023-06-04,South,4653
2023-06-04,East,4432
2023-06-04,West,4201
2023-06-05,North,3288
2023-06-05,South,4424
2023-06-05,East,5693
2023-06-05,West,5210
2023-06-06,North,5433
2023-06-06,South,3539
2023-06-06,East,3109
2023-06-06,West,3886
2023-06-07,North,4050
2023-06-07,South,4984
2023-06-07,East,2476
2023-06-07,West,5376
2023-06-08,North,3857
2023-06-08,South,3615
2023-06-08,East,3089
2023-06-08,West,2510
2023-06-09,North,4740
2023-06-09,South,4065
2023-06-09,East,2839
2023-06-09,West,2834
2023-06-10,North,3697
2023-06-10,South,5502
2023-06-10,East,3766
2023-06-10,West,2647
2023-06-11,North,3778
2023-06-11,South,3754
2023-06-11,East,1572
2023-06-11,West,3951
2023-06-12,North,3792
2023-06-12,South,4626
2023-06-12,East,5664
2023-06-12,West,5013
2023-06-13,North,3758
2023-06-13,South,3004
2023-06-13,East,6316
2023-06-13,West,4053
2023-06-14,North,4012
2023-06-14,South,3978
2023-06-14,East,4178
2023-06-14,West,3870
2023-06-15,North,3483
2023-06-15,South,3507
2023-06-15,East,3970
2023-06-15,West,3510
2023-06-16,North,3358
2023-06-16,South,4095
2023-06-16,East,3770
2023-06-16,West,5353
2023-06-17,North,1614
2023-06-17,South,4982
2023-06-17,East,5121
2023-06-17,West,2133
2023-06-18,North,3691
2023-06-18,South,3665
2023-06-18,East,2733
2023-06-18,West,3299
2023-06-19,North,3000
2023-06-19,South,5577
2023-06-19,East,4842
2023-06-19,West,5144
2023-06-20,North,4649
2023-06-20,South,2983
2023-06-20,East,3527
2023-06-20,West,4440
2023-06-21,North,2900
2023-06-21,South,4641
2023-06-21,East,3783
2023-06-21,West,3662
2023-06-22,North,4639
2023-06-22,South,4399
2023-06-22,East,3675
2023-06-22,West,5043
2023-06-23,North,3027
2023-06-23,South,4554
2023-06-23,East,4533
2023-06-23,West,3721
2023-06-24,North,4293
2023-06-24,South,2873
2023-06-24,East,4831
2023-06-24,West,3833
2023-06-25,North,3529
2023-06-25,South,4944
2023-06-25,East,3366
2023-06-25,West,2732
2023-06-26,North,2599
2023-06-26,South,4545
2023-06-26,East,2847
2023-06-26,West,5579
2023-06-27,North,2126
2023-06-27,South,5526
2023-06-27,East,4189
2023-06-27,West,3912
2023-06-28,North,3509
2023-06-28,South,4359
2023-06-28,East,3966
2023-06-28,West,4992
2023-06-29,North,4102
2023-06-29,South,4135
2023-06-29,East,3672
2023-06-29,West,3948
2023-06-30,North,4277
2023-06-30,South,2460
2023-06-30,East,2786
2023-06-30,West,4668
2023-07-01,North,4153
2023-07-01,South,3834
2023-07-01,East,4016
2023-07-01,West,4312
2023-07-02,North,3514
2023-07-02,South,3299
2023-07-02,East,4176
2023-07-02,West,3119
2023-07-03,North,4367
2023-07-03,South,2467
2023-07-03,East,4926
2023-07-03,West,4425
2023-07-04,North,4230
2023-07-04,South,4884
2023-07-04,East,5498
2023-07-04,West,4912
2023-07-05,North,2343
2023-07-05,South,2848
2023-07-05,East,3437
2023-07-05,West,4023
2023-07-06,North,4465
2023-07-06,South,3346
2023-07-06,East,4168
2023-07-06,West,3320
2023-07-07,North,3449
2023-07-07,South,2734
2023-07-07,East,3169
2023-07-07,West,2783
2023-07-08,North,3121
2023-07-08,South,4948
2023-07-08,East,3145
2023-07-08,West,6369
2023-07-09,North,4443
2023-07-09,South,4166
2023-07-09,East,3227
2023-07-09,West,4630
2023-07-10,North,3481
2023-07-10,South,4109
2023-07-10,East,6304
2023-07-10,West,3913
2023-07-11,North,5034
2023-07-11,South,3367
2023-07-11,East,3968
2023-07-11,West,5593
2023-07-12,North,3435
2023-07-12,South,5631
2023-07-12,East,4636
2023-07-12,West,3493
2023-07-13,North,4569
2023-07-13,South,4875
2023-07-13,East,4559
2023-07-13,West,2586
2023-07-14,North,3345
2023-07-14,South,3777
2023-07-14,East,3933
2023-07-14,West,4558
2023-07-15,North,4159
2023-07-15,South,2798
2023-07-15,East,4342
2023-07-15,West,4549
2023-07-16,North,4503
2023-07-16,South,4972
2023-07-16,East,4750
2023-07-16,West,4413
2023-07-17,North,3936
2023-07-17,South,2505
2023-07-17,East,4386
2023-07-17,West,4186
2023-07-18,North,4244
2023-07-18,South,2850
2023-07-18,East,3027
2023-07-18,West,4947
2023-07-19,North,3964
2023-07-19,South,4613
2023-07-19,East,4025
2023-07-19,West,4026
2023-07-20,North,4844
2023-07-20,South,3535
2023-07-20,East,4086
2023-07-20,West,3583
2023-07-21,North,3608
2023-07-21,South,3721
2023-07-21,East,4199
2023-07-21,West,3569
2023-07-22,North,5130
2023-07-22,South,3194
2023-07-22,East,3831
2023-07-22,West,3604
2023-07-23,North,5302
2023-07-23,South,4176
2023-07-23,East,4928
2023-07-23,West,2662
2023-07-24,North,4240
2023-07-24,South,4800
2023-07-24,East,4074
2023-07-24,West,4958
2023-07-25,North,3534
2023-07-25,South,5268
2023-07-25,East,6069
2023-07-25,West,3673
2023-07-26,North,3599
2023-07-26,South,5308
2023-07-26,East,5421
2023-07-26,West,3529
2023-07-27,North,3621
2023-07-27,South,3746
2023-07-27,East,2789
2023-07-27,West,3173
2023-07-28,North,3096
2023-07-28,South,3308
2023-07-28,East,3968
2023-07-28,West,4210
2023-07-29,North,5395
2023-07-29,South,3101
2023-07-29,East,4885
2023-07-29,West,3807
2023-07-30,North,3955
2023-07-30,South,4607
2023-07-30,East,2989
2023-07-30,West,4344
2023-07-31,North,4149
2023-07-31,South,4443
2023-07-31,East,4260
2023-07-31,West,6209
2023-08-01,North,3426
2023-08-01,South,3522
2023-08-01,East,3439
2023-08-01,West,3500
2023-08-02,North,3426
2023-08-02,South,5070
2023-08-02,East,5278
2023-08-02,West,3486
2023-08-03,North,3250
2023-08-03,South,4424
2023-08-03,East,3502
2023-08-03,West,4569
2023-08-04,North,4182
2023-08-04,South,2635
2023-08-04,East,5392
2023-08-04,West,5616
2023-08-05,North,3448
2023-08-05,South,3651
2023-08-05,East,4257
2023-08-05,West,4301
2023-08-06,North,4592
2023-08-06,South,5809
2023-08-06,East,3840
2023-08-06,West,3281
2023-08-07,North,2758
2023-08-07,South,3342
2023-08-07,East,3970
2023-08-07,West,5615
2023-08-08,North,3534
2023-08-08,South,4201
2023-08-08,East,3985
2023-08-08,West,5069
2023-08-09,North,6274
2023-08-09,South,3522
2023-08-09,East,3559
2023-08-09,West,4939
2023-08-10,North,4613
2023-08-10,South,5662
2023-08-10,East,4525
2023-08-10,West,3676
2023-08-11,North,4531
2023-08-11,South,4997
2023-08-11,East,4738
2023-08-11,West,4456
2023-08-12,North,4960
2023-08-12,South,5052
2023-08-12,East,5243
2023-08-12,West,4583
2023-08-13,North,3849
2023-08-13,South,4132
2023-08-13,East,5085
2023-08-13,West,3264
2023-08-14,North,4331
2023-08-14,South,3645
2023-08-14,East,4025
2023-08-14,West,5150
2023-08-15,North,4171
2023-08-15,South,4041
2023-08-15,East,2776
2023-08-15,West,4671
2023-08-16,North,4580
2023-08-16,South,5946
2023-08-16,East,3722
2023-08-16,West,4197
2023-08-17,North,4224
2023-08-17,South,5419
2023-08-17,East,3914
2023-08-17,West,4251
2023-08-18,North,4547
2023-08-18,South,4167
2023-08-18,East,3598
2023-08-18,West,4174
2023-08-19,North,4966
2023-08-19,South,3076
2023-08-19,East,4119
2023-08-19,West,3369
2023-08-20,North,5075
2023-08-20,South,2629
2023-08-20,East,3496
2023-08-20,West,4339
2023-08-21,North,5408
2023-08-21,South,3940
2023-08-21,East,3500
2023-08-21,West,5693
2023-08-22,North,2696
2023-08-22,South,2021
2023-08-22,East,4396
2023-08-22,West,3548
2023-08-23,North,3080
2023-08-23,South,4637
2023-08-23,East,4219
2023-08-23,West,3492
2023-08-24,North,2847
2023-08-24,South,4785
2023-08-24,East,4585
2023-08-24,West,3910
2023-08-25,North,5661
2023-08-25,South,3036
2023-08-25,East,2627
2023-08-25,West,3377
2023-08-26,North,3958
2023-08-26,South,4219
2023-08-26,East,3782
2023-08-26,West,4316
2023-08-27,North,2873
2023-08-27,South,5299
2023-08-27,East,3926
2023-08-27,West,5005
2023-08-28,North,4308
2023-08-28,South,4411
2023-08-28,East,4512
2023-08-28,West,4402
2023-08-29,North,4578
2023-08-29,South,5196
2023-08-29,East,4176
2023-08-29,West,4638
2023-08-30,North,3919
2023-08-30,South,5296
2023-08-30,East,3391
2023-08-30,West,5620
2023-08-31,North,3963
2023-08-31,South,2712
2023-08-31,East,4115
2023-08-31,West,3387
2023-09-01,North,4756
2023-09-01,South,3412
2023-09-01,East,3598
2023-09-01,West,2299
2023-09-02,North,3592
2023-09-02,South,1818
2023-09-02,East,2574
2023-09-02,West,4684
2023-09-03,North,4707
2023-09-03,South,4382
2023-09-03,East,3129
2023-09-03,West,3957
2023-09-04,North,3996
2023-09-04,South,2957
2023-09-04,East,5353
2023-09-04,West,4789
2023-09-05,North,3801
2023-09-05,South,4024
2023-09-05,East,4187
2023-09-05,West,2162
2023-09-06,North,3777
2023-09-06,South,3386
2023-09-06,East,3098
2023-09-06,West,3747
2023-09-07,North,5617
2023-09-07,South,4576
2023-09-07,East,3485
2023-09-07,West,4515
2023-09-08,North,5259
2023-09-08,South,4832
2023-09-08,East,4053
2023-09-08,West,3417
2023-09-09,North,4628
2023-09-09,South,4354
2023-09-09,East,4805
2023-09-09,West,4571
2023-09-10,North,4944
2023-09-10,South,3518
2023-09-10,East,5185
2023-09-10,West,4177
2023-09-11,North,5867
2023-09-11,South,3379
2023-09-11,East,5562
2023-09-11,West,4178
2023-09-12,North,3413
2023-09-12,South,3564
2023-09-12,East,3711
2023-09-12,West,4381
2023-09-13,North,4470
2023-09-13,South,3483
2023-09-13,East,3978
2023-09-13,West,5928
2023-09-14,North,5554
2023-09-14,South,4392
2023-09-14,East,4034
2023-09-14,West,4108
2023-09-15,North,4552
2023-09-15,South,3079
2023-09-15,East,3768
2023-09-15,West,2498
2023-09-16,North,4359
2023-09-16,South,4582
2023-09-16,East,3565
2023-09-16,West,5416
2023-09-17,North,2896
2023-09-17,South,2682
2023-09-17,East,4202
2023-09-17,West,4942
2023-09-18,North,5515
2023-09-18,South,3587
2023-09-18,East,4970
2023-09-18,West,3965
2023-09-19,North,3844
2023-09-19,South,4795
2023-09-19,East,4587
2023-09-19,West,2581
2023-09-20,North,5328
2023-09-20,South,5242
2023-09-20,East,3436
2023-09-20,West,4356
2023-09-21,North,4444
2023-09-21,South,4234
2023-09-21,East,3504
2023-09-21,West,3395
2023-09-22,North,3977
2023-09-22,South,5055
2023-09-22,East,4489
2023-09-22,West,3666
2023-09-23,North,4694
2023-09-23,South,1436
2023-09-23,East,5033
2023-09-23,West,2434
2023-09-24,North,3673
2023-09-24,South,2992
2023-09-24,East,2834
2023-09-24,West,5044
2023-09-25,North,3579
2023-09-25,South,4311
2023-09-25,East,3957
2023-09-25,West,4429
2023-09-26,North,4069
2023-09-26,South,2845
2023-09-26,East,4896
2023-09-26,West,3555
2023-09-27,North,2599
2023-09-27,South,3614
2023-09-27,East,5350
2023-09-27,West,4765
2023-09-28,North,3686
2023-09-28,South,3685
2023-09-28,East,3710
2023-09-28,West,5869
2023-09-29,North,4343
2023-09-29,South,4387
2023-09-29,East,4927
2023-09-29,West,4214
2023-09-30,North,3766
2023-09-30,South,3823
2023-09-30,East,3935
2023-09-30,West,3966
2023-10-01,North,4654
2023-10-01,South,4046
2023-10-01,East,4659
2023-10-01,West,3927
2023-10-02,North,4070
2023-10-02,South,2201
2023-10-02,East,4824
2023-10-02,West,4311
2023-10-03,North,4898
2023-10-03,South,1393
2023-10-03,East,5879
2023-10-03,West,3874
2023-10-04,North,4997
2023-10-04,South,3064
2023-10-04,East,4551
2023-10-04,West,3051
2023-10-05,North,3438
2023-10-05,South,5722
2023-10-05,East,3828
2023-10-05,West,4195
2023-10-06,North,4783
2023-10-06,South,4446
2023-10-06,East,4135
2023-10-06,West,4328
2023-10-07,North,6163
2023-10-07,South,3948
2023-10-07,East,4180
2023-10-07,West,4945
2023-10-08,North,4994
2023-10-08,South,5068
2023-10-08,East,4574
2023-10-08,West,2971
2023-10-09,North,5470
2023-10-09,South,2968
2023-10-09,East,4272
2023-10-09,West,3321
2023-10-10,North,3942
2023-10-10,South,4295
2023-10-10,East,4289
2023-10-10,West,4379
2023-10-11,North,5452
2023-10-11,South,4408
2023-10-11,East,3780
2023-10-11,West,4867
2023-10-12,North,5070
2023-10-12,South,2895
2023-10-12,East,4537
2023-10-12,West,4631
2023-10-13,North,3732
2023-10-13,South,5238
2023-10-13,East,3864
2023-10-13,West,4113
2023-10-14,North,3844
2023-10-14,South,4014
2023-10-14,East,3013
2023-10-14,West,2703
2023-10-15,North,5435
2023-10-15,South,3237
2023-10-15,East,3107
2023-10-15,West,2061
2023-10-16,North,3424
2023-10-16,South,2809
2023-10-16,East,5477
2023-10-16,West,4908
2023-10-17,North,3380
2023-10-17,South,6027
2023-10-17,East,4883
2023-10-17,West,3707
2023-10-18,North,1750
2023-10-18,South,6061
2023-10-18,East,2749
2023-10-18,West,2519
2023-10-19,North,4920
2023-10-19,South,6195
2023-10-19,East,5245
2023-10-19,West,4507
2023-10-20,North,4535
2023-10-20,South,4768
2023-10-20,East,4683
2023-10-20,West,4253
2023-10-21,North,4093
2023-10-21,South,3943
2023-10-21,East,3321
2023-10-21,West,3747
2023-10-22,North,2476
2023-10-22,South,3911
2023-10-22,East,3110
2023-10-22,West,3006
2023-10-23,North,4161
2023-10-23,South,5252
2023-10-23,East,4826
2023-10-23,West,2586
2023-10-24,North,3109
2023-10-24,South,4846
2023-10-24,East,3115
2023-10-24,West,3797
2023-10-25,North,4495
2023-10-25,South,3128
2023-10-25,East,4094
2023-10-25,West,2799
2023-10-26,North,3458
2023-10-26,South,4287
2023-10-26,East,2566
2023-10-26,West,4396
2023-10-27,North,3982
2023-10-27,South,4497
2023-10-27,East,4201
2023-10-27,West,5227
2023-10-28,North,4112
2023-10-28,South,3613
2023-10-28,East,4110
2023-10-28,West,4488
2023-10-29,North,4043
2023-10-29,South,4036
2023-10-29,East,3368
2023-10-29,West,3403
2023-10-30,North,2737
2023-10-30,South,5574
2023-10-30,East,2880
2023-10-30,West,3376
2023-10-31,North,3353
2023-10-31,South,4805
2023-10-31,East,3734
2023-10-31,West,5122
2023-11-01,North,3393
2023-11-01,South,4251
2023-11-01,East,3248
2023-11-01,West,5930
2023-11-02,North,2931
2023-11-02,South,4278
2023-11-02,East,4570
2023-11-02,West,4372
2023-11-03,North,3833
2023-11-03,South,3883
2023-11-03,East,4039
2023-11-03,West,3867
2023-11-04,North,4867
2023-11-04,South,5989
2023-11-04,East,3498
2023-11-04,West,2767
2023-11-05,North,3920
2023-11-05,South,6321
2023-11-05,East,3276
2023-11-05,West,5475
2023-11-06,North,5509
2023-11-06,South,3501
2023-11-06,East,4512
2023-11-06,West,5465
2023-11-07,North,3658
2023-11-07,South,3816
2023-11-07,East,3476
2023-11-07,West,3086
2023-11-08,North,3415
2023-11-08,South,2898
2023-11-08,East,4030
2023-11-08,West,3307
2023-11-09,North,4210
2023-11-09,South,2599
2023-11-09,East,4297
2023-11-09,West,4750
2023-11-10,North,2205
2023-11-10,South,4336
2023-11-10,East,5104
2023-11-10,West,2911
2023-11-11,North,5505
2023-11-11,South,4377
2023-11-11,East,3365
2023-11-11,West,3949
2023-11-12,North,4502
2023-11-12,South,4068
2023-11-12,East,4484
2023-11-12,West,3171
2023-11-13,North,4152
2023-11-13,South,2727
2023-11-13,East,3899
2023-11-13,West,3186
2023-11-14,North,3338
2023-11-14,South,5112
2023-11-14,East,4982
2023-11-14,West,4548
2023-11-15,North,3016
2023-11-15,South,3715
2023-11-15,East,5091
2023-11-15,West,4127
2023-11-16,North,6087
2023-11-16,South,4353
2023-11-16,East,4172
2023-11-16,West,3721
2023-11-17,North,4120
2023-11-17,South,3862
2023-11-17,East,4637
2023-11-17,West,4861
2023-11-18,North,3292
2023-11-18,South,2801
2023-11-18,East,2347
2023-11-18,West,4457
2023-11-19,North,3006
2023-11-19,South,2062
2023-11-19,East,4349
2023-11-19,West,6243
2023-11-20,North,3994
2023-11-20,South,4754
2023-11-20,East,4073
2023-11-20,West,3910
2023-11-21,North,4827
2023-11-21,South,3738
2023-11-21,East,4240
2023-11-21,West,4289
2023-11-22,North,3398
2023-11-22,South,4892
2023-11-22,East,3842
2023-11-22,West,3319
2023-11-23,North,4482
2023-11-23,South,3191
2023-11-23,East,4025
2023-11-23,West,3991
2023-11-24,North,4977
2023-11-24,South,4427
2023-11-24,East,3977
2023-11-24,West,4735
2023-11-25,North,5251
2023-11-25,South,4502
2023-11-25,East,4009
2023-11-25,West,2819
2023-11-26,North,3041
2023-11-26,South,3725
2023-11-26,East,3451
2023-11-26,West,3831
2023-11-27,North,4050
2023-11-27,South,4476
2023-11-27,East,3936
2023-11-27,West,4437
2023-11-28,North,4058
2023-11-28,South,2222
2023-11-28,East,3154
2023-11-28,West,3870
2023-11-29,North,2911
2023-11-29,South,4539
2023-11-29,East,5377
2023-11-29,West,5096
2023-11-30,North,3807
2023-11-30,South,5341
2023-11-30,East,4133
2023-11-30,West,3696
2023-12-01,North,3447
2023-12-01,South,3727
2023-12-01,East,3650
2023-12-01,West,4153
2023-12-02,North,4144
2023-12-02,South,4002
2023-12-02,East,4393
2023-12-02,West,5071
2023-12-03,North,4854
2023-12-03,South,2663
2023-12-03,East,1701
2023-12-03,West,4840
2023-12-04,North,2769
2023-12-04,South,3797
2023-12-04,East,2946
2023-12-04,West,2378
2023-12-05,North,4487
2023-12-05,South,4683
2023-12-05,East,3481
2023-12-05,West,1668
2023-12-06,North,3508
2023-12-06,South,4352
2023-12-06,East,2668
2023-12-06,West,4165
2023-12-07,North,3986
2023-12-07,South,4521
2023-12-07,East,4107
2023-12-07,West,3124
2023-12-08,North,5076
2023-12-08,South,3857
2023-12-08,East,3975
2023-12-08,West,3160
2023-12-09,North,3601
2023-12-09,South,3203
2023-12-09,East,3844
2023-12-09,West,5540
2023-12-10,North,2765
2023-12-10,South,2547
2023-12-10,East,5324
2023-12-10,West,3811
2023-12-11,North,3397
2023-12-11,South,4935
2023-12-11,East,3454
2023-12-11,West,5643
2023-12-12,North,4610
2023-12-12,South,3560
2023-12-12,East,5941
2023-12-12,West,3454
2023-12-13,North,4667
2023-12-13,South,4269
2023-12-13,East,5171
2023-12-13,West,5405
2023-12-14,North,4028
2023-12-14,South,3321
2023-12-14,East,4413
2023-12-14,West,3390
2023-12-15,North,5812
2023-12-15,South,4122
2023-12-15,East,3671
2023-12-15,West,4166
2023-12-16,North,2787
2023-12-16,South,3125
2023-12-16,East,5080
2023-12-16,West,3408
2023-12-17,North,3057
2023-12-17,South,4482
2023-12-17,East,5067
2023-12-17,West,4647
2023-12-18,North,4896
2023-12-18,South,3318
2023-12-18,East,2720
2023-12-18,West,5351
2023-12-19,North,3709
2023-12-19,South,3774
2023-12-19,East,5195
2023-12-19,West,4500
2023-12-20,North,4410
2023-12-20,South,5948
2023-12-20,East,3420
2023-12-20,West,4835
2023-12-21,North,4051
2023-12-21,South,4241
2023-12-21,East,5375
2023-12-21,West,4457
2023-12-22,North,4484
2023-12-22,South,4965
2023-12-22,East,3671
2023-12-22,West,3244
2023-12-23,North,3059
2023-12-23,South,2230
2023-12-23,East,5850
2023-12-23,West,3007
2023-12-24,North,3800
2023-12-24,South,3750
2023-12-24,East,4276
2023-12-24,West,4734
2023-12-25,North,4774
2023-12-25,South,3475
2023-12-25,East,3849
2023-12-25,West,4254
2023-12-26,North,3776
2023-12-26,South,5446
2023-12-26,East,4441
2023-12-26,West,4661
2023-12-27,North,4596
2023-12-27,South,5056
2023-12-27,East,4162
2023-12-27,West,2832
2023-12-28,North,4359
2023-12-28,South,3413
2023-12-28,East,3524
2023-12-28,West,4527
2023-12-29,North,5114
2023-12-29,South,4019
2023-12-29,East,4277
2023-12-29,West,5531
2023-12-30,North,4216
2023-12-30,South,6341
2023-12-30,East,4508
2023-12-30,West,2415
2023-12-31,North,4678
2023-12-31,South,4343
2023-12-31,East,5160
2023-12-31,West,4605
2024-01-01,North,4475
2024-01-01,South,3498
2024-01-01,East,4411
2024-01-01,West,3834
2024-01-02,North,4077
2024-01-02,South,5129
2024-01-02,East,6102
2024-01-02,West,4955
2024-01-03,North,3523
2024-01-03,South,5000
2024-01-03,East,5676
2024-01-03,West,4051
2024-01-04,North,4479
2024-01-04,South,4613
2024-01-04,East,3893
2024-01-04,West,5183
2024-01-05,North,4491
2024-01-05,South,4977
2024-01-05,East,3801
2024-01-05,West,4206
2024-01-06,North,5250
2024-01-06,South,4264
2024-01-06,East,6154
2024-01-06,West,4240
2024-01-07,North,4802
2024-01-07,South,5439
2024-01-07,East,3323
2024-01-07,West,3015
2024-01-08,North,3226
2024-01-08,South,5736
2024-01-08,East,4103
2024-01-08,West,6902
2024-01-09,North,4092
2024-01-09,South,4766
2024-01-09,East,5987
2024-01-09,West,6405
2024-01-10,North,6455
2024-01-10,South,5687
2024-01-10,East,5521
2024-01-10,West,5133
2024-01-11,North,5300
2024-01-11,South,4103
2024-01-11,East,3863
2024-01-11,West,4596
2024-01-12,North,4446
2024-01-12,South,4192
2024-01-12,East,5226
2024-01-12,West,5459
2024-01-13,North,4679
2024-01-13,South,5929
2024-01-13,East,3572
2024-01-13,West,4425
2024-01-14,North,3954
2024-01-14,South,2920
2024-01-14,East,4525
2024-01-14,West,4490
2024-01-15,North,5962
2024-01-15,South,5167
2024-01-15,East,3678
2024-01-15,West,6268
2024-01-16,North,5698
2024-01-16,South,5123
2024-01-16,East,4396
2024-01-16,West,3736
2024-01-17,North,4265
2024-01-17,South,5579
2024-01-17,East,6296
2024-01-17,West,5988
2024-01-18,North,4160
2024-01-18,South,3592
2024-01-18,East,4726
2024-01-18,West,3008
2024-01-19,North,4890
2024-01-19,South,4467
2024-01-19,East,4180
2024-01-19,West,3164
2024-01-20,North,5062
2024-01-20,South,4120
2024-01-20,East,3547
2024-01-20,West,2014
2024-01-21,North,4575
2024-01-21,South,6195
2024-01-21,East,6095
2024-01-21,West,4188
2024-01-22,North,4058
2024-01-22,South,5021
2024-01-22,East,3701
2024-01-22,West,4871
2024-01-23,North,5289
2024-01-23,South,5704
2024-01-23,East,4509
2024-01-23,West,4416
2024-01-24,North,3809
2024-01-24,South,3855
2024-01-24,East,4396
2024-01-24,West,4930
2024-01-25,North,5422
2024-01-25,South,3877
2024-01-25,East,5943
2024-01-25,West,4355
2024-01-26,North,4580
2024-01-26,South,3927
2024-01-26,East,2418
2024-01-26,West,5395
2024-01-27,North,5263
2024-01-27,South,4346
2024-01-27,East,4660
2024-01-27,West,5064
2024-01-28,North,3193
2024-01-28,South,4123
2024-01-28,East,5314
2024-01-28,West,3471
2024-01-29,North,4864
2024-01-29,South,3379
2024-01-29,East,5019
2024-01-29,West,4567
2024-01-30,North,3146
2024-01-30,South,5648
2024-01-30,East,3938
2024-01-30,West,3870
2024-01-31,North,4780
2024-01-31,South,5633
2024-01-31,East,3685
2024-01-31,West,4655
2024-02-01,North,4985
2024-02-01,South,5223
2024-02-01,East,4758
2024-02-01,West,4269
2024-02-02,North,3855
2024-02-02,South,4677
2024-02-02,East,3635
2024-02-02,West,1970
2024-02-03,North,4992
2024-02-03,South,5413
2024-02-03,East,2473
2024-02-03,West,3691
2024-02-04,North,5157
2024-02-04,South,6451
2024-02-04,East,4618
2024-02-04,West,3944
2024-02-05,North,4435
2024-02-05,South,5837
2024-02-05,East,4018
2024-02-05,West,3880
2024-02-06,North,4165
2024-02-06,South,3742
2024-02-06,East,4710
2024-02-06,West,6062
2024-02-07,North,4890
2024-02-07,South,4372
2024-02-07,East,4337
2024-02-07,West,3193
2024-02-08,North,5394
2024-02-08,South,4529
2024-02-08,East,4437
2024-02-08,West,7473
2024-02-09,North,4868
2024-02-09,South,3923
2024-02-09,East,4216
2024-02-09,West,5633
2024-02-10,North,4701
2024-02-10,South,3305
2024-02-10,East,5427
2024-02-10,West,3998
2024-02-11,North,6285
2024-02-11,South,5572
2024-02-11,East,4197
2024-02-11,West,5752
2024-02-12,North,4661
2024-02-12,South,5367
2024-02-12,East,5036
2024-02-12,West,3838
2024-02-13,North,4020
2024-02-13,South,5526
2024-02-13,East,4298
2024-02-13,West,4236
2024-02-14,North,3740
2024-02-14,South,4981
2024-02-14,East,6456
2024-02-14,West,3639
2024-02-15,North,4621
2024-02-15,South,5870
2024-02-15,East,4528
2024-02-15,West,5007
2024-02-16,North,3643
2024-02-16,South,4985
2024-02-16,East,4431
2024-02-16,West,5487
2024-02-17,North,5668
2024-02-17,South,6930
2024-02-17,East,5121
2024-02-17,West,4893
2024-02-18,North,4774
2024-02-18,South,4282
2024-02-18,East,4904
2024-02-18,West,4334
2024-02-19,North,4751
2024-02-19,South,5785
2024-02-19,East,3694
2024-02-19,West,5625
2024-02-20,North,5785
2024-02-20,South,4493
2024-02-20,East,2690
2024-02-20,West,4052
2024-02-21,North,5767
2024-02-21,South,4579
2024-02-21,East,3700
2024-02-21,West,4145
2024-02-22,North,5356
2024-02-22,South,5092
2024-02-22,East,4384
2024-02-22,West,4269
2024-02-23,North,4247
2024-02-23,South,3769
2024-02-23,East,6053
2024-02-23,West,4309
2024-02-24,North,5695
2024-02-24,South,5969
2024-02-24,East,5498
2024-02-24,West,4211
2024-02-25,North,4963
2024-02-25,South,4578
2024-02-25,East,3786
2024-02-25,West,4891
2024-02-26,North,3538
2024-02-26,South,5668
2024-02-26,East,4181
2024-02-26,West,4781
2024-02-27,North,4854
2024-02-27,South,4366
2024-02-27,East,5128
2024-02-27,West,4172
2024-02-28,North,5384
2024-02-28,South,3388
2024-02-28,East,4713
2024-02-28,West,6345
2024-02-29,North,3699
2024-02-29,South,3990
2024-02-29,East,5062
2024-02-29,West,4761
2024-03-01,North,4915
2024-03-01,South,5040
2024-03-01,East,5171
2024-03-01,West,5598
2024-03-02,North,4968
2024-03-02,South,4382
2024-03-02,East,5205
2024-03-02,West,6309
2024-03-03,North,4480
2024-03-03,South,3722
2024-03-03,East,5596
2024-03-03,West,4491
2024-03-04,North,2644
2024-03-04,South,5362
2024-03-04,East,4118
2024-03-04,West,4518
2024-03-05,North,4898
2024-03-05,South,4771
2024-03-05,East,5238
2024-03-05,West,4208
2024-03-06,North,5061
2024-03-06,South,4366
2024-03-06,East,5264
2024-03-06,West,5153
2024-03-07,North,3758
2024-03-07,South,5577
2024-03-07,East,4117
2024-03-07,West,5327
2024-03-08,North,4930
2024-03-08,South,6254
2024-03-08,East,4398
2024-03-08,West,4285
2024-03-09,North,4582
2024-03-09,South,4327
2024-03-09,East,5319
2024-03-09,West,3145
2024-03-10,North,3651
2024-03-10,South,3638
2024-03-10,East,5455
2024-03-10,West,6139
2024-03-11,North,4505
2024-03-11,South,4448
2024-03-11,East,4663
2024-03-11,West,5645
2024-03-12,North,3765
2024-03-12,South,4814
2024-03-12,East,5477
2024-03-12,West,5050
2024-03-13,North,4770
2024-03-13,South,5500
2024-03-13,East,2167
2024-03-13,West,5210
2024-03-14,North,4011
2024-03-14,South,2952
2024-03-14,East,5060
2024-03-14,West,5836
2024-03-15,North,4476
2024-03-15,South,5457
2024-03-15,East,6051
2024-03-15,West,5783
2024-03-16,North,6075
2024-03-16,South,5267
2024-03-16,East,4667
2024-03-16,West,3158
2024-03-17,North,4378
2024-03-17,South,3841
2024-03-17,East,6553
2024-03-17,West,4441
2024-03-18,North,4710
2024-03-18,South,5096
2024-03-18,East,4639
2024-03-18,West,6125
2024-03-19,North,4039
2024-03-19,South,4775
2024-03-19,East,3931
2024-03-19,West,3411
2024-03-20,North,4049
2024-03-20,South,4566
2024-03-20,East,4213
2024-03-20,West,3976
2024-03-21,North,3334
2024-03-21,South,4525
2024-03-21,East,3245
2024-03-21,West,5284
2024-03-22,North,4674
2024-03-22,South,3288
2024-03-22,East,4321
2024-03-22,West,3923
2024-03-23,North,4887
2024-03-23,South,5806
2024-03-23,East,2912
2024-03-23,West,4703
2024-03-24,North,4455
2024-03-24,South,5204
2024-03-24,East,4791
2024-03-24,West,3923
2024-03-25,North,4312
2024-03-25,South,3883
2024-03-25,East,5568
2024-03-25,West,4619
2024-03-26,North,6311
2024-03-26,South,4545
2024-03-26,East,3962
2024-03-26,West,3237
2024-03-27,North,2977
2024-03-27,South,3174
2024-03-27,East,4840
2024-03-27,West,5057
2024-03-28,North,3176
2024-03-28,South,5405
2024-03-28,East,4165
2024-03-28,West,4732
2024-03-29,North,6050
2024-03-29,South,5407
2024-03-29,East,4358
2024-03-29,West,3797
2024-03-30,North,2663
2024-03-30,South,3952
2024-03-30,East,4409
2024-03-30,West,3711
2024-03-31,North,4481
2024-03-31,South,4669
2024-03-31,East,4397
2024-03-31,West,4014
2024-04-01,North,4751
2024-04-01,South,4997
2024-04-01,East,3618
2024-04-01,West,5869
2024-04-02,North,4511
2024-04-02,South,4616
2024-04-02,East,5237
2024-04-02,West,4809
2024-04-03,North,5457
2024-04-03,South,4858
2024-04-03,East,4048
2024-04-03,West,4925
2024-04-04,North,3570
2024-04-04,South,4697
2024-04-04,East,4570
2024-04-04,West,4412
2024-04-05,North,4484
2024-04-05,South,2906
2024-04-05,East,4106
2024-04-05,West,4683
2024-04-06,North,4743
2024-04-06,South,3675
2024-04-06,East,5739
2024-04-06,West,3820
2024-04-07,North,5472
2024-04-07,South,4984
2024-04-07,East,4018
2024-04-07,West,6197
2024-04-08,North,3525
2024-04-08,South,5427
2024-04-08,East,5500
2024-04-08,West,3996
2024-04-09,North,5853
2024-04-09,South,4374
2024-04-09,East,4859
2024-04-09,West,4834
2024-04-10,North,4479
2024-04-10,South,5329
2024-04-10,East,5314
2024-04-10,West,3026
2024-04-11,North,5773
2024-04-11,South,3103
2024-04-11,East,5529
2024-04-11,West,5614
2024-04-12,North,3618
2024-04-12,South,4230
2024-04-12,East,3604
2024-04-12,West,4406
2024-04-13,North,4322
2024-04-13,South,5301
2024-04-13,East,5779
2024-04-13,West,5856
2024-04-14,North,4094
2024-04-14,South,4411
2024-04-14,East,3084
2024-04-14,West,3874
2024-04-15,North,5468
2024-04-15,South,6054
2024-04-15,East,3489
2024-04-15,West,4066
2024-04-16,North,4576
2024-04-16,South,4852
2024-04-16,East,3871
2024-04-16,West,4981
2024-04-17,North,4173
2024-04-17,South,4586
2024-04-17,East,5091
2024-04-17,West,4605
2024-04-18,North,4207
2024-04-18,South,4501
2024-04-18,East,4520
2024-04-18,West,4266
2024-04-19,North,4367
2024-04-19,South,6038
2024-04-19,East,5104
2024-04-19,West,4334
2024-04-20,North,5227
2024-04-20,South,4299
2024-04-20,East,5655
2024-04-20,West,4932
2024-04-21,North,4503
2024-04-21,South,5002
2024-04-21,East,3186
2024-04-21,West,3585
2024-04-22,North,3525
2024-04-22,South,4728
2024-04-22,East,6159
2024-04-22,West,6608
2024-04-23,North,5174
2024-04-23,South,5050
2024-04-23,East,2979
2024-04-23,West,4111
2024-04-24,North,3890
2024-04-24,South,4041
2024-04-24,East,4448
2024-04-24,West,4175
2024-04-25,North,2818
2024-04-25,South,5273
2024-04-25,East,3634
2024-04-25,West,4815
2024-04-26,North,6466
2024-04-26,South,3772
2024-04-26,East,2322
2024-04-26,West,4342
2024-04-27,North,5590
2024-04-27,South,6362
2024-04-27,East,3493
2024-04-27,West,5047
2024-04-28,North,4181
2024-04-28,South,4504
2024-04-28,East,6979
2024-04-28,West,3247
2024-04-29,North,4828
2024-04-29,South,5020
2024-04-29,East,5577
2024-04-29,West,4688
2024-04-30,North,4877
2024-04-30,South,4247
2024-04-30,East,4842
2024-04-30,West,4291
2024-05-01,North,5159
2024-05-01,South,4267
2024-05-01,East,4939
2024-05-01,West,4573
2024-05-02,North,5613
2024-05-02,South,4553
2024-05-02,East,3004
2024-05-02,West,5735
2024-05-03,North,3784
2024-05-03,South,4011
2024-05-03,East,4063
2024-05-03,West,5836
2024-05-04,North,2677
2024-05-04,South,7423
2024-05-04,East,5550
2024-05-04,West,4800
2024-05-05,North,4550
2024-05-05,South,4856
2024-05-05,East,5069
2024-05-05,West,5180
2024-05-06,North,5100
2024-05-06,South,4680
2024-05-06,East,4422
2024-05-06,West,4463
2024-05-07,North,4424
2024-05-07,South,5620
2024-05-07,East,5134
2024-05-07,West,1953
2024-05-08,North,5190
2024-05-08,South,4775
2024-05-08,East,4583
2024-05-08,West,4250
2024-05-09,North,5611
2024-05-09,South,5452
2024-05-09,East,3904
2024-05-09,West,4966
2024-05-10,North,3725
2024-05-10,South,3358
2024-05-10,East,4035
2024-05-10,West,5376
2024-05-11,North,5457
2024-05-11,South,5061
2024-05-11,East,5252
2024-05-11,West,5064
2024-05-12,North,4022
2024-05-12,South,4988
2024-05-12,East,5320
2024-05-12,West,5278
2024-05-13,North,5670
2024-05-13,South,5237
2024-05-13,East,4916
2024-05-13,West,5563
2024-05-14,North,4576
2024-05-14,South,3806
2024-05-14,East,4453
2024-05-14,West,3929
2024-05-15,North,3992
2024-05-15,South,4469
2024-05-15,East,3886
2024-05-15,West,4322
2024-05-16,North,2895
2024-05-16,South,4791
2024-05-16,East,4601
2024-05-16,West,3864
2024-05-17,North,5193
2024-05-17,South,5443
2024-05-17,East,3153
2024-05-17,West,3913
2024-05-18,North,3907
2024-05-18,South,3754
2024-05-18,East,5346
2024-05-18,West,4425
2024-05-19,North,4361
2024-05-19,South,2796
2024-05-19,East,5171
2024-05-19,West,3484
2024-05-20,North,4653
2024-05-20,South,4849
2024-05-20,East,5824
2024-05-20,West,3422
2024-05-21,North,1882
2024-05-21,South,4765
2024-05-21,East,6220
2024-05-21,West,5715
2024-05-22,North,4788
2024-05-22,South,4157
2024-05-22,East,5326
2024-05-22,West,3723
2024-05-23,North,5028
2024-05-23,South,5054
2024-05-23,East,5554
2024-05-23,West,7083
2024-05-24,North,4953
2024-05-24,South,4141
2024-05-24,East,4576
2024-05-24,West,3007
2024-05-25,North,3974
2024-05-25,South,4231
2024-05-25,East,4128
2024-05-25,West,4737
2024-05-26,North,3859
2024-05-26,South,5608
2024-05-26,East,4600
2024-05-26,West,4591
2024-05-27,North,4304
2024-05-27,South,4739
2024-05-27,East,5342
2024-05-27,West,3819
2024-05-28,North,4007
2024-05-28,South,4326
2024-05-28,East,3388
2024-05-28,West,3862
2024-05-29,North,4171
2024-05-29,South,5386
2024-05-29,East,4836
2024-05-29,West,4774
2024-05-30,North,5365
2024-05-30,South,4476
2024-05-30,East,4951
2024-05-30,West,4507
2024-05-31,North,4838
2024-05-31,South,4075
2024-05-31,East,2405
2024-05-31,West,4479
2024-06-01,North,5880
2024-06-01,South,5433
2024-06-01,East,5468
2024-06-01,West,5712
2024-06-02,North,4679
2024-06-02,South,4777
2024-06-02,East,4044
2024-06-02,West,4315
2024-06-03,North,5154
2024-06-03,South,5683
2024-06-03,East,4474
2024-06-03,West,4194
2024-06-04,North,4600
2024-06-04,South,5141
2024-06-04,East,3300
2024-06-04,West,2533
2024-06-05,North,4104
2024-06-05,South,3501
2024-06-05,East,4142
2024-06-05,West,4466
2024-06-06,North,4192
2024-06-06,South,5907
2024-06-06,East,4894
2024-06-06,West,4870
2024-06-07,North,5159
2024-06-07,South,3575
2024-06-07,East,5535
2024-06-07,West,4531
2024-06-08,North,5203
2024-06-08,South,3635
2024-06-08,East,3201
2024-06-08,West,5336
2024-06-09,North,4938
2024-06-09,South,3788
2024-06-09,East,3817
2024-06-09,West,5612
2024-06-10,North,3529
2024-06-10,South,6078
2024-06-10,East,3789
2024-06-10,West,5174
2024-06-11,North,4304
2024-06-11,South,5142
2024-06-11,East,4110
2024-06-11,West,4453
2024-06-12,North,4636
2024-06-12,South,3698
2024-06-12,East,5266
2024-06-12,West,4138
2024-06-13,North,4394
2024-06-13,South,3705
2024-06-13,East,2293
2024-06-13,West,4428
2024-06-14,North,6771
2024-06-14,South,5306
2024-06-14,East,4582
2024-06-14,West,4363
2024-06-15,North,4620
2024-06-15,South,5092
2024-06-15,East,3537
2024-06-15,West,5602
2024-06-16,North,5243
2024-06-16,South,5246
2024-06-16,East,4994
2024-06-16,West,4617
2024-06-17,North,5205
2024-06-17,South,5132
2024-06-17,East,4281
2024-06-17,West,4083
2024-06-18,North,4691
2024-06-18,South,5994
2024-06-18,East,3484
2024-06-18,West,3279
2024-06-19,North,4748
2024-06-19,South,4645
2024-06-19,East,4756
2024-06-19,West,4819
2024-06-20,North,4399
2024-06-20,South,5940
2024-06-20,East,3159
2024-06-20,West,3854
2024-06-21,North,4507
2024-06-21,South,3121
2024-06-21,East,4441
2024-06-21,West,6095
2024-06-22,North,4618
2024-06-22,South,4807
2024-06-22,East,3465
2024-06-22,West,4045
2024-06-23,North,4262
2024-06-23,South,4314
2024-06-23,East,5753
2024-06-23,West,5101
2024-06-24,North,3599
2024-06-24,South,4821
2024-06-24,East,5048
2024-06-24,West,5626
2024-06-25,North,6022
2024-06-25,South,3686
2024-06-25,East,3870
2024-06-25,West,3468
2024-06-26,North,4389
2024-06-26,South,5019
2024-06-26,East,5488
2024-06-26,West,4531
2024-06-27,North,4312
2024-06-27,South,4736
2024-06-27,East,3848
2024-06-27,West,6480
2024-06-28,North,3153
2024-06-28,South,4766
2024-06-28,East,6421
2024-06-28,West,4606
2024-06-29,North,4428
2024-06-29,South,4278
2024-06-29,East,4437
2024-06-29,West,5835
2024-06-30,North,2609
2024-06-30,South,5980
2024-06-30,East,3318
2024-06-30,West,4360
2024-07-01,North,4213
2024-07-01,South,5129
2024-07-01,East,3161
2024-07-01,West,5015
2024-07-02,North,6421
2024-07-02,South,3373
2024-07-02,East,4770
2024-07-02,West,4004
2024-07-03,North,4983
2024-07-03,South,4617
2024-07-03,East,4022
2024-07-03,West,5039
2024-07-04,North,6223
2024-07-04,South,4428
2024-07-04,East,5247
2024-07-04,West,3436
2024-07-05,North,3739
2024-07-05,South,5025
2024-07-05,East,5935
2024-07-05,West,4920
2024-07-06,North,4318
2024-07-06,South,4599
2024-07-06,East,3474
2024-07-06,West,5144
2024-07-07,North,5394
2024-07-07,South,4193
2024-07-07,East,4176
2024-07-07,West,4839
2024-07-08,North,4206
2024-07-08,South,4540
2024-07-08,East,6489
2024-07-08,West,4377
2024-07-09,North,4277
2024-07-09,South,4017
2024-07-09,East,5269
2024-07-09,West,4436
2024-07-10,North,4015
2024-07-10,South,5789
2024-07-10,East,5877
2024-07-10,West,4059
2024-07-11,North,2920
2024-07-11,South,5506
2024-07-11,East,3983
2024-07-11,West,5311
2024-07-12,North,2826
2024-07-12,South,5403
2024-07-12,East,3509
2024-07-12,West,5257
2024-07-13,North,4612
2024-07-13,South,3741
2024-07-13,East,4233
2024-07-13,West,5217
2024-07-14,North,4695
2024-07-14,South,5125
2024-07-14,East,6378
2024-07-14,West,3192
2024-07-15,North,6055
2024-07-15,South,4693
2024-07-15,East,3791
2024-07-15,West,3402
2024-07-16,North,4429
2024-07-16,South,5429
2024-07-16,East,4485
2024-07-16,West,5960
2024-07-17,North,3293
2024-07-17,South,4589
2024-07-17,East,3472
2024-07-17,West,4927
2024-07-18,North,5398
2024-07-18,South,4221
2024-07-18,East,2256
2024-07-18,West,4779
2024-07-19,North,4993
2024-07-19,South,4963
2024-07-19,East,5712
2024-07-19,West,3636
2024-07-20,North,5212
2024-07-20,South,5673
2024-07-20,East,2999
2024-07-20,West,4887
2024-07-21,North,4146
2024-07-21,South,4526
2024-07-21,East,4912
2024-07-21,West,4161
2024-07-22,North,3991
2024-07-22,South,4630
2024-07-22,East,3621
2024-07-22,West,3622
2024-07-23,North,5211
2024-07-23,South,3566
2024-07-23,East,5199
2024-07-23,West,5016
2024-07-24,North,3046
2024-07-24,South,3990
2024-07-24,East,5674
2024-07-24,West,3716
2024-07-25,North,4182
2024-07-25,South,5015
2024-07-25,East,5305
2024-07-25,West,4373
2024-07-26,North,4062
2024-07-26,South,5880
2024-07-26,East,6165
2024-07-26,West,5480
2024-07-27,North,4676
2024-07-27,South,3872
2024-07-27,East,3852
2024-07-27,West,5070
2024-07-28,North,4976
2024-07-28,South,5861
2024-07-28,East,5185
2024-07-28,West,3247
2024-07-29,North,5546
2024-07-29,South,3701
2024-07-29,East,4254
2024-07-29,West,4825
2024-07-30,North,6396
2024-07-30,South,7398
2024-07-30,East,5146
2024-07-30,West,4435
2024-07-31,North,5081
2024-07-31,South,5398
2024-07-31,East,4311
2024-07-31,West,6215
2024-08-01,North,4807
2024-08-01,South,5047
2024-08-01,East,5199
2024-08-01,West,4979
2024-08-02,North,5355
2024-08-02,South,4044
2024-08-02,East,4097
2024-08-02,West,3609
2024-08-03,North,4995
2024-08-03,South,5301
2024-08-03,East,5011
2024-08-03,West,6107
2024-08-04,North,4594
2024-08-04,South,5201
2024-08-04,East,3617
2024-08-04,West,4251
2024-08-05,North,5225
2024-08-05,South,5364
2024-08-05,East,4335
2024-08-05,West,4535
2024-08-06,North,3233
2024-08-06,South,4278
2024-08-06,East,5401
2024-08-06,West,5117
2024-08-07,North,5050
2024-08-07,South,4644
2024-08-07,East,4606
2024-08-07,West,4005
2024-08-08,North,5228
2024-08-08,South,4978
2024-08-08,East,5042
2024-08-08,West,4126
2024-08-09,North,2661
2024-08-09,South,5587
2024-08-09,East,4169
2024-08-09,West,3823
2024-08-10,North,5224
2024-08-10,South,4247
2024-08-10,East,5553
2024-08-10,West,5155
2024-08-11,North,5215
2024-08-11,South,3370
2024-08-11,East,5690
2024-08-11,West,4835
2024-08-12,North,4267
2024-08-12,South,4729
2024-08-12,East,3001
2024-08-12,West,4967
2024-08-13,North,3673
2024-08-13,South,3382
2024-08-13,East,3229
2024-08-13,West,5601
2024-08-14,North,4033
2024-08-14,South,5980
2024-08-14,East,4117
2024-08-14,West,3063
2024-08-15,North,3595
2024-08-15,South,5712
2024-08-15,East,4459
2024-08-15,West,4106
2024-08-16,North,4744
2024-08-16,South,5051
2024-08-16,East,5605
2024-08-16,West,5903
2024-08-17,North,4276
2024-08-17,South,3406
2024-08-17,East,4227
2024-08-17,West,4834
2024-08-18,North,3732
2024-08-18,South,3738
2024-08-18,East,4909
2024-08-18,West,4556
2024-08-19,North,4629
2024-08-19,South,3917
2024-08-19,East,4392
2024-08-19,West,3768
2024-08-20,North,5401
2024-08-20,South,5531
2024-08-20,East,2938
2024-08-20,West,3763
2024-08-21,North,3253
2024-08-21,South,4014
2024-08-21,East,4524
2024-08-21,West,3295
2024-08-22,North,3770
2024-08-22,South,3696
2024-08-22,East,4786
2024-08-22,West,4662
2024-08-23,North,3950
2024-08-23,South,4759
2024-08-23,East,4107
2024-08-23,West,4355
2024-08-24,North,6106
2024-08-24,South,5806
2024-08-24,East,3430
2024-08-24,West,5346
2024-08-25,North,5330
2024-08-25,South,3566
2024-08-25,East,5336
2024-08-25,West,5984
2024-08-26,North,3589
2024-08-26,South,3774
2024-08-26,East,5515
2024-08-26,West,4844
2024-08-27,North,5096
2024-08-27,South,4906
2024-08-27,East,4951
2024-08-27,West,3406
2024-08-28,North,5542
2024-08-28,South,5652
2024-08-28,East,4393
2024-08-28,West,4560
2024-08-29,North,3222
2024-08-29,South,5062
2024-08-29,East,5114
2024-08-29,West,4544
2024-08-30,North,5611
2024-08-30,South,4299
2024-08-30,East,5108
2024-08-30,West,3682
2024-08-31,North,4578
2024-08-31,South,4443
2024-08-31,East,4802
2024-08-31,West,4267
2024-09-01,North,4481
2024-09-01,South,5343
2024-09-01,East,4206
2024-09-01,West,3154
2024-09-02,North,6174
2024-09-02,South,5843
2024-09-02,East,3436
2024-09-02,West,5220
2024-09-03,North,4147
2024-09-03,South,4837
2024-09-03,East,4864
2024-09-03,West,4389
2024-09-04,North,3894
2024-09-04,South,3978
2024-09-04,East,3775
2024-09-04,West,3851
2024-09-05,North,4539
2024-09-05,South,3955
2024-09-05,East,5213
2024-09-05,West,5938
2024-09-06,North,4077
2024-09-06,South,4815
2024-09-06,East,5049
2024-09-06,West,5024
2024-09-07,North,4668
2024-09-07,South,5268
2024-09-07,East,5034
2024-09-07,West,3486
2024-09-08,North,5382
2024-09-08,South,5398
2024-09-08,East,3913
2024-09-08,West,4634
2024-09-09,North,5214
2024-09-09,South,4411
2024-09-09,East,5565
2024-09-09,West,6727
2024-09-10,North,3892
2024-09-10,South,3357
2024-09-10,East,4873
2024-09-10,West,5249
2024-09-11,North,4392
2024-09-11,South,5907
2024-09-11,East,3395
2024-09-11,West,5223
2024-09-12,North,4054
2024-09-12,South,6147
2024-09-12,East,6393
2024-09-12,West,3910
2024-09-13,North,4105
2024-09-13,South,5373
2024-09-13,East,4251
2024-09-13,West,4559
2024-09-14,North,4622
2024-09-14,South,2872
2024-09-14,East,4587
2024-09-14,West,3979
2024-09-15,North,4156
2024-09-15,South,5899
2024-09-15,East,3469
2024-09-15,West,5331
2024-09-16,North,4348
2024-09-16,South,4348
2024-09-16,East,5311
2024-09-16,West,4906
2024-09-17,North,5113
2024-09-17,South,5471
2024-09-17,East,4301
2024-09-17,West,4048
2024-09-18,North,3623
2024-09-18,South,3857
2024-09-18,East,7254
2024-09-18,West,5720
2024-09-19,North,3384
2024-09-19,South,3409
2024-09-19,East,5033
2024-09-19,West,5092
2024-09-20,North,5093
2024-09-20,South,4370
2024-09-20,East,4487
2024-09-20,West,4895
2024-09-21,North,4677
2024-09-21,South,2602
2024-09-21,East,4393
2024-09-21,West,3833
2024-09-22,North,4757
2024-09-22,South,7286
2024-09-22,East,4930
2024-09-22,West,4317
2024-09-23,North,5429
2024-09-23,South,5034
2024-09-23,East,4978
2024-09-23,West,5146
2024-09-24,North,6450
2024-09-24,South,3582
2024-09-24,East,5026
2024-09-24,West,3766
2024-09-25,North,5099
2024-09-25,South,3773
2024-09-25,East,4224
2024-09-25,West,4334
2024-09-26,North,5478
2024-09-26,South,5426
2024-09-26,East,3478
2024-09-26,West,4649
2024-09-27,North,3961
2024-09-27,South,3467
2024-09-27,East,4404
2024-09-27,West,4322
2024-09-28,North,6784
2024-09-28,South,4989
2024-09-28,East,3360
2024-09-28,West,4091
2024-09-29,North,5519
2024-09-29,South,6479
2024-09-29,East,3172
2024-09-29,West,2908
2024-09-30,North,6283
2024-09-30,South,4950
2024-09-30,East,3818
2024-09-30,West,5081
2024-10-01,North,2227
2024-10-01,South,4603
2024-10-01,East,4895
2024-10-01,West,5431
2024-10-02,North,3687
2024-10-02,South,4677
2024-10-02,East,3767
2024-10-02,West,4829
2024-10-03,North,3794
2024-10-03,South,4232
2024-10-03,East,3703
2024-10-03,West,5186
2024-10-04,North,5372
2024-10-04,South,4388
2024-10-04,East,4634
2024-10-04,West,3296
2024-10-05,North,4330
2024-10-05,South,4554
2024-10-05,East,6958
2024-10-05,West,3599
2024-10-06,North,5917
2024-10-06,South,5497
2024-10-06,East,4852
2024-10-06,West,6182
2024-10-07,North,4934
2024-10-07,South,4950
2024-10-07,East,4552
2024-10-07,West,5701
2024-10-08,North,5586
2024-10-08,South,4036
2024-10-08,East,3412
2024-10-08,West,4417
2024-10-09,North,3879
2024-10-09,South,4542
2024-10-09,East,5713
2024-10-09,West,4188
2024-10-10,North,4561
2024-10-10,South,4652
2024-10-10,East,5363
2024-10-10,West,2577
2024-10-11,North,4053
2024-10-11,South,4790
2024-10-11,East,5680
2024-10-11,West,4157
2024-10-12,North,2911
2024-10-12,South,5157
2024-10-12,East,4028
2024-10-12,West,3529
2024-10-13,North,4038
2024-10-13,South,4433
2024-10-13,East,4055
2024-10-13,West,2614
2024-10-14,North,5407
2024-10-14,South,5747
2024-10-14,East,5186
2024-10-14,West,3576
2024-10-15,North,4418
2024-10-15,South,4594
2024-10-15,East,5138
2024-10-15,West,5201
2024-10-16,North,3939
2024-10-16,South,4673
2024-10-16,East,5011
2024-10-16,West,5910
2024-10-17,North,5234
2024-10-17,South,5310
2024-10-17,East,4675
2024-10-17,West,5869
2024-10-18,North,4968
2024-10-18,South,3825
2024-10-18,East,5863
2024-10-18,West,5228
2024-10-19,North,4201
2024-10-19,South,4168
2024-10-19,East,4866
2024-10-19,West,5016
2024-10-20,North,4777
2024-10-20,South,4880
2024-10-20,East,6129
2024-10-20,West,5564
2024-10-21,North,4771
2024-10-21,South,5447
2024-10-21,East,3670
2024-10-21,West,4958
2024-10-22,North,6228
2024-10-22,South,4403
2024-10-22,East,3837
2024-10-22,West,4013
2024-10-23,North,3619
2024-10-23,South,3893
2024-10-23,East,4266
2024-10-23,West,3334
2024-10-24,North,4614
2024-10-24,South,5412
2024-10-24,East,3783
2024-10-24,West,5967
2024-10-25,North,5059
2024-10-25,South,5527
2024-10-25,East,4007
2024-10-25,West,5369
2024-10-26,North,3617
2024-10-26,South,5401
2024-10-26,East,4754
2024-10-26,West,5097
2024-10-27,North,3541
2024-10-27,South,3794
2024-10-27,East,5137
2024-10-27,West,3746
2024-10-28,North,5016
2024-10-28,South,3369
2024-10-28,East,5363
2024-10-28,West,3490
2024-10-29,North,5097
2024-10-29,South,5163
2024-10-29,East,3972
2024-10-29,West,5123
2024-10-30,North,4834
2024-10-30,South,4115
2024-10-30,East,3692
2024-10-30,West,2833
2024-10-31,North,4914
2024-10-31,South,3191
2024-10-31,East,4685
2024-10-31,West,4362
2024-11-01,North,5211
2024-11-01,South,4328
2024-11-01,East,4303
2024-11-01,West,5258
2024-11-02,North,4901
2024-11-02,South,4884
2024-11-02,East,5022
2024-11-02,West,3217
2024-11-03,North,5281
2024-11-03,South,5151
2024-11-03,East,3684
2024-11-03,West,4380
2024-11-04,North,4564
2024-11-04,South,4478
2024-11-04,East,4900
2024-11-04,West,5888
2024-11-05,North,5573
2024-11-05,South,3419
2024-11-05,East,5159
2024-11-05,West,5796
2024-11-06,North,4948
2024-11-06,South,5581
2024-11-06,East,6411
2024-11-06,West,5521
2024-11-07,North,4824
2024-11-07,South,5540
2024-11-07,East,4730
2024-11-07,West,4621
2024-11-08,North,4283
2024-11-08,South,6007
2024-11-08,East,3863
2024-11-08,West,5979
2024-11-09,North,5049
2024-11-09,South,3340
2024-11-09,East,4930
2024-11-09,West,2709
2024-11-10,North,5162
2024-11-10,South,5396
2024-11-10,East,4066
2024-11-10,West,4711
2024-11-11,North,6358
2024-11-11,South,4144
2024-11-11,East,3646
2024-11-11,West,5933
2024-11-12,North,6366
2024-11-12,South,4603
2024-11-12,East,5510
2024-11-12,West,5807
2024-11-13,North,3931
2024-11-13,South,4163
2024-11-13,East,5707
2024-11-13,West,6116
2024-11-14,North,5106
2024-11-14,South,3808
2024-11-14,East,6388
2024-11-14,West,4122
2024-11-15,North,4298
2024-11-15,South,4908
2024-11-15,East,5998
2024-11-15,West,5368
2024-11-16,North,4973
2024-11-16,South,5016
2024-11-16,East,4639
2024-11-16,West,5102
2024-11-17,North,2323
2024-11-17,South,4333
2024-11-17,East,4817
2024-11-17,West,3564
2024-11-18,North,4947
2024-11-18,South,4415
2024-11-18,East,6179
2024-11-18,West,6015
2024-11-19,North,4180
2024-11-19,South,4464
2024-11-19,East,4533
2024-11-19,West,4193
2024-11-20,North,4775
2024-11-20,South,3917
2024-11-20,East,3582
2024-11-20,West,5160
2024-11-21,North,5166
2024-11-21,South,3876
2024-11-21,East,5405
2024-11-21,West,4031
2024-11-22,North,4827
2024-11-22,South,5338
2024-11-22,East,4569
2024-11-22,West,5009
2024-11-23,North,4135
2024-11-23,South,4423
2024-11-23,East,4414
2024-11-23,West,3928
2024-11-24,North,4440
2024-11-24,South,3206
2024-11-24,East,4157
2024-11-24,West,4343
2024-11-25,North,4369
2024-11-25,South,4382
2024-11-25,East,4544
2024-11-25,West,5031
2024-11-26,North,5387
2024-11-26,South,4015
2024-11-26,East,3517
2024-11-26,West,3662
2024-11-27,North,4161
2024-11-27,South,4283
2024-11-27,East,3907
2024-11-27,West,3433
2024-11-28,North,4189
2024-11-28,South,4763
2024-11-28,East,5135
2024-11-28,West,4098
2024-11-29,North,4228
2024-11-29,South,3765
2024-11-29,East,4571
2024-11-29,West,3836
2024-11-30,North,5115
2024-11-30,South,2992
2024-11-30,East,4276
2024-11-30,West,4870
2024-12-01,North,4765
2024-12-01,South,7023
2024-12-01,East,4914
2024-12-01,West,3696
2024-12-02,North,4514
2024-12-02,South,3001
2024-12-02,East,4527
2024-12-02,West,3850
2024-12-03,North,5423
2024-12-03,South,4105
2024-12-03,East,4494
2024-12-03,West,4027
2024-12-04,North,6164
2024-12-04,South,4310
2024-12-04,East,6249
2024-12-04,West,5332
2024-12-05,North,5033
2024-12-05,South,4931
2024-12-05,East,4954
2024-12-05,West,2865
2024-12-06,North,4349
2024-12-06,South,5360
2024-12-06,East,4555
2024-12-06,West,3335
2024-12-07,North,4552
2024-12-07,South,6133
2024-12-07,East,5722
2024-12-07,West,4544
2024-12-08,North,5456
2024-12-08,South,4270
2024-12-08,East,3066
2024-12-08,West,3767
2024-12-09,North,6006
2024-12-09,South,4353
2024-12-09,East,4380
2024-12-09,West,4330
2024-12-10,North,6313
2024-12-10,South,6063
2024-12-10,East,6596
2024-12-10,West,4456
2024-12-11,North,4866
2024-12-11,South,3235
2024-12-11,East,5929
2024-12-11,West,3548
2024-12-12,North,4795
2024-12-12,South,3612
2024-12-12,East,4070
2024-12-12,West,3846
2024-12-13,North,4052
2024-12-13,South,4114
2024-12-13,East,4106
2024-12-13,West,5350
2024-12-14,North,3605
2024-12-14,South,4798
2024-12-14,East,5696
2024-12-14,West,4138
2024-12-15,North,3953
2024-12-15,South,4392
2024-12-15,East,5661
2024-12-15,West,4774
2024-12-16,North,4121
2024-12-16,South,5035
2024-12-16,East,3607
2024-12-16,West,5213
2024-12-17,North,4967
2024-12-17,South,4322
2024-12-17,East,3845
2024-12-17,West,3801
2024-12-18,North,5081
2024-12-18,South,5706
2024-12-18,East,4026
2024-12-18,West,5012
2024-12-19,North,2721
2024-12-19,South,4073
2024-12-19,East,4572
2024-12-19,West,3781
2024-12-20,North,3757
2024-12-20,South,3998
2024-12-20,East,4862
2024-12-20,West,4431
2024-12-21,North,2585
2024-12-21,South,2691
2024-12-21,East,4053
2024-12-21,West,5011
2024-12-22,North,2127
2024-12-22,South,4150
2024-12-22,East,4126
2024-12-22,West,5849
2024-12-23,North,4253
2024-12-23,South,4944
2024-12-23,East,4727
2024-12-23,West,2682
2024-12-24,North,5291
2024-12-24,South,4793
2024-12-24,East,5057
2024-12-24,West,8133
2024-12-25,North,2724
2024-12-25,South,6152
2024-12-25,East,4341
2024-12-25,West,4858
2024-12-26,North,4559
2024-12-26,South,4218
2024-12-26,East,4087
2024-12-26,West,4896
2024-12-27,North,3234
2024-12-27,South,5275
2024-12-27,East,4225
2024-12-27,West,3582
2024-12-28,North,4194
2024-12-28,South,5731
2024-12-28,East,4118
2024-12-28,West,4922
2024-12-29,North,3942
2024-12-29,South,5282
2024-12-29,East,5216
2024-12-29,West,6263
2024-12-30,North,4441
2024-12-30,South,5201
2024-12-30,East,4688
2024-12-30,West,5766
2024-12-31,North,3953
2024-12-31,South,5270
2024-12-31,East,4424
2024-12-31,West,4542
