,LSOA_code,crime_count
0,E01000027,24
1,E01000029,16
2,E01000031,25
3,E01000111,41
4,E01000037,11
5,E01000038,33
6,E01000100,12
7,E01000109,6
8,E01000114,47
9,E01000064,35
10,E01000082,41
11,E01000083,20
12,E01000077,19
13,E01000015,25
14,E01000016,14
15,E01000017,11
16,E01000018,15
17,E01000035,22
18,E01000108,36
19,E01000066,19
20,E01000067,25
21,E01000071,27
22,E01000057,23
23,E01000074,23
24,E01000075,28
25,E01000076,19
26,E01000059,20
27,E01000084,11
28,E01000105,56
29,E01000007,44
30,E01000008,43
31,E01000010,49
32,E01000006,7
33,E01000044,24
34,E01000042,28
35,E01000045,35
36,E01000046,32
37,E01000072,30
38,E01000056,15
39,E01000058,17
40,E01000095,89
41,E01000092,45
42,E01000087,40
43,E01000088,23
44,E01000090,49
45,E01000048,10
46,E01000049,18
47,E01000051,20
48,E01033587,72
49,E01000094,25
50,E01000020,34
51,E01000097,26
52,E01000098,29
53,E01000099,41
54,E01000250,43
55,E01000246,17
56,E01000247,11
57,E01000251,62
58,E01000166,18
59,E01000172,19
60,E01000291,8
61,E01000268,25
62,E01000171,56
63,E01000286,19
64,E01000290,18
65,E01000273,32
66,E01000281,37
67,E01000282,32
68,E01000122,14
69,E01000118,26
70,E01000123,38
71,E01000124,66
72,E01000265,18
73,E01000266,38
74,E01000320,25
75,E01000322,32
76,E01000277,36
77,E01000321,21
78,E01000195,35
79,E01000230,14
80,E01000231,18
81,E01000232,35
82,E01000233,51
83,E01000189,24
84,E01000159,36
85,E01000160,42
86,E01000162,55
87,E01000258,25
88,E01000255,33
89,E01000257,84
90,E01000262,23
91,E01000192,41
92,E01000194,60
93,E01000226,23
94,E01000227,25
95,E01000299,47
96,E01000300,23
97,E01000304,20
98,E01000234,20
99,E01000235,39
100,E01000164,32
101,E01000295,32
102,E01000296,55
103,E01000125,20
104,E01000127,20
105,E01000128,43
106,E01000129,66
107,E01000198,40
108,E01000199,44
109,E01000260,37
110,E01000151,27
111,E01000152,23
112,E01000154,23
113,E01000176,16
114,E01000316,46
115,E01000196,49
116,E01000200,45
117,E01000203,44
118,E01000180,32
119,E01000182,25
120,E01000185,22
121,E01000147,31
122,E01000155,37
123,E01033572,25
124,E01033573,49
125,E01000239,58
126,E01000240,35
127,E01000241,27
128,E01000309,17
129,E01000237,36
130,E01000242,30
131,E01000243,42
132,E01000244,81
133,E01000245,55
134,E01000314,56
135,E01000183,27
136,E01000207,38
137,E01000208,48
138,E01000213,20
139,E01000236,39
140,E01000238,38
141,E01000310,60
142,E01000311,38
143,E01000205,38
144,E01000209,30
145,E01000211,57
146,E01000216,56
147,E01000150,50
148,E01000306,8
149,E01000312,32
150,E01000219,43
151,E01000220,42
152,E01000136,90
153,E01000144,105
154,E01000146,102
155,E01000214,43
156,E01000141,105
157,E01000221,56
158,E01000223,74
159,E01000307,49
160,E01000138,46
161,E01000137,40
162,E01000139,54
163,E01000140,72
164,E01000143,78
165,E01000466,34
166,E01000469,27
167,E01000464,11
168,E01000470,34
169,E01000335,50
170,E01000337,12
171,E01000404,20
172,E01000405,21
173,E01000408,34
174,E01000402,13
175,E01000406,25
176,E01000407,20
177,E01000419,10
178,E01000429,29
179,E01000430,16
180,E01000431,31
181,E01000432,12
182,E01000357,14
183,E01000450,24
184,E01000367,33
185,E01000455,18
186,E01000456,13
187,E01000360,47
188,E01000362,67
189,E01000366,18
190,E01000394,15
191,E01000392,47
192,E01000409,10
193,E01000414,25
194,E01000329,12
195,E01000330,11
196,E01000412,11
197,E01000375,19
198,E01000376,5
199,E01000379,8
200,E01000349,14
201,E01000361,14
202,E01000350,12
203,E01000352,14
204,E01000448,15
205,E01000443,10
206,E01000424,27
207,E01000427,15
208,E01000462,33
209,E01000384,13
210,E01000428,21
211,E01000383,8
212,E01000385,35
213,E01000386,17
214,E01000590,32
215,E01000592,32
216,E01000594,41
217,E01000513,13
218,E01000514,12
219,E01000516,36
220,E01000588,32
221,E01000515,20
222,E01033463,34
223,E01000538,11
224,E01000541,13
225,E01000518,32
226,E01000519,24
227,E01000574,12
228,E01000575,36
229,E01000577,25
230,E01000566,9
231,E01000569,6
232,E01000481,21
233,E01000483,32
234,E01000625,22
235,E01000498,26
236,E01000497,40
237,E01000499,59
238,E01000502,26
239,E01000571,15
240,E01000578,29
241,E01000608,25
242,E01000506,33
243,E01000509,58
244,E01000510,53
245,E01000628,41
246,E01000553,38
247,E01000554,35
248,E01000555,47
249,E01000556,81
250,E01000558,52
251,E01000609,16
252,E01000615,52
253,E01033424,53
254,E01000504,38
255,E01000505,17
256,E01000512,25
257,E01000620,19
258,E01000635,18
259,E01000636,28
260,E01000601,48
261,E01000602,13
262,E01000605,19
263,E01000639,32
264,E01000642,78
265,E01000644,42
266,E01000494,50
267,E01000495,38
268,E01000560,55
269,E01000638,31
270,E01000641,24
271,E01000643,53
272,E01000508,46
273,E01000527,35
274,E01000474,5
275,E01000477,59
276,E01000630,37
277,E01000599,38
278,E01000600,83
279,E01033456,38
280,E01000545,120
281,E01000546,37
282,E01000547,39
283,E01000478,24
284,E01000489,56
285,E01000491,65
286,E01000492,24
287,E01000493,28
288,E01000523,46
289,E01000524,59
290,E01033455,27
291,E01033485,36
292,E01000579,18
293,E01000580,88
294,E01000582,25
295,E01000583,56
296,E01000586,103
297,E01000530,26
298,E01000531,24
299,E01000544,65
300,E01000550,93
301,E01000552,80
302,E01000780,22
303,E01000782,20
304,E01000783,17
305,E01000799,47
306,E01000802,25
307,E01000803,17
308,E01000804,73
309,E01000805,32
310,E01000740,21
311,E01000741,22
312,E01000742,26
313,E01000745,20
314,E01000746,39
315,E01000709,22
316,E01000710,59
317,E01000718,33
318,E01000694,27
319,E01000674,14
320,E01000676,89
321,E01000823,16
322,E01000824,32
323,E01000825,23
324,E01000743,46
325,E01000796,12
326,E01000798,30
327,E01000806,27
328,E01000673,31
329,E01000712,26
330,E01000715,22
331,E01000700,6
332,E01000797,55
333,E01000729,23
334,E01000738,36
335,E01000739,34
336,E01000704,13
337,E01000801,23
338,E01000646,10
339,E01000675,43
340,E01000677,28
341,E01000719,59
342,E01000724,42
343,E01000833,20
344,E01000807,37
345,E01000722,28
346,E01000725,43
347,E01000733,14
348,E01000773,16
349,E01000775,46
350,E01000777,21
351,E01000810,11
352,E01000813,19
353,E01000661,43
354,E01000663,6
355,E01000664,20
356,E01000727,42
357,E01000734,9
358,E01000726,10
359,E01000788,30
360,E01000791,23
361,E01000835,45
362,E01000841,25
363,E01000755,14
364,E01000786,15
365,E01000792,8
366,E01000793,16
367,E01000795,18
368,E01000665,16
369,E01000765,39
370,E01000749,21
371,E01000751,15
372,E01000680,37
373,E01000656,10
374,E01000657,15
375,E01000659,7
376,E01000819,24
377,E01000707,23
378,E01000774,17
379,E01000747,27
380,E01000748,18
381,E01000913,67
382,E01000894,21
383,E01000895,44
384,E01000896,37
385,E01000899,39
386,E01000910,23
387,E01000911,19
388,E01000921,72
389,E01000923,33
390,E01000928,41
391,E01000880,42
392,E01000873,28
393,E01000874,37
394,E01000877,38
395,E01000887,34
396,E01000888,46
397,E01000892,32
398,E01000889,24
399,E01000891,41
400,E01000922,55
401,E01000881,60
402,E01000883,73
403,E01000897,30
404,E01000898,62
405,E01000866,40
406,E01000870,24
407,E01000925,22
408,E01000970,44
409,E01000972,62
410,E01000973,76
411,E01000842,35
412,E01000848,26
413,E01000849,28
414,E01000900,29
415,E01000902,19
416,E01000904,48
417,E01000905,44
418,E01000876,30
419,E01000931,103
420,E01000974,41
421,E01000843,48
422,E01000845,24
423,E01000846,25
424,E01000865,12
425,E01000867,38
426,E01000868,15
427,E01000965,44
428,E01000967,20
429,E01000860,20
430,E01000862,78
431,E01000856,43
432,E01000861,78
433,E01000958,79
434,E01000959,30
435,E01000930,109
436,E01000933,70
437,E01000934,42
438,E01000863,148
439,E01000948,32
440,E01000952,38
441,E01000953,15
442,E01000954,6
443,E01000955,47
444,E01000956,44
445,E01000945,17
446,E01000949,20
447,E01000950,12
448,E01000939,77
449,E01000937,26
450,E01000943,40
451,E01000850,132
452,E01000851,155
453,E01000852,47
454,E01000854,29
455,E01000915,27
456,E01000916,157
457,E01000920,72
458,E01000855,127
459,E01000914,197
460,E01000918,174
461,E01000919,241
462,E01032739,52
463,E01032740,39
464,E01001137,26
465,E01001162,21
466,E01001164,57
467,E01001159,16
468,E01001086,21
469,E01001087,50
470,E01001161,12
471,E01001085,42
472,E01001089,47
473,E01001091,38
474,E01001147,26
475,E01001148,15
476,E01001151,26
477,E01001152,30
478,E01001158,16
479,E01001146,19
480,E01001154,20
481,E01001136,53
482,E01001139,20
483,E01001142,24
484,E01001144,14
485,E01001143,24
486,E01001191,35
487,E01001192,25
488,E01000999,17
489,E01001000,20
490,E01001111,26
491,E01001174,16
492,E01001182,16
493,E01001001,18
494,E01001109,85
495,E01001112,12
496,E01001114,42
497,E01000992,19
498,E01001185,13
499,E01001188,16
500,E01001115,33
501,E01001117,21
502,E01001178,52
503,E01001181,52
504,E01001006,35
505,E01001007,32
506,E01001179,46
507,E01001180,24
508,E01000981,14
509,E01000983,35
510,E01000989,10
511,E01001131,4
512,E01001008,18
513,E01001012,46
514,E01001013,63
515,E01001048,52
516,E01001110,43
517,E01001118,44
518,E01000986,39
519,E01000976,65
520,E01000977,44
521,E01000978,32
522,E01000979,43
523,E01000984,27
524,E01001044,41
525,E01001014,69
526,E01001042,108
527,E01001165,31
528,E01001135,17
529,E01001063,25
530,E01001064,31
531,E01001043,95
532,E01001045,58
533,E01001047,35
534,E01001170,31
535,E01001167,53
536,E01001172,41
537,E01001173,32
538,E01001037,50
539,E01001040,23
540,E01001051,17
541,E01001054,12
542,E01001057,12
543,E01001033,25
544,E01001034,21
545,E01001041,16
546,E01001100,16
547,E01001078,16
548,E01001082,21
549,E01001120,16
550,E01001126,17
551,E01001032,9
552,E01001101,6
553,E01001107,30
554,E01001080,30
555,E01001081,18
556,E01001073,26
557,E01001093,21
558,E01001097,97
559,E01001098,18
560,E01001029,39
561,E01001094,45
562,E01001103,16
563,E01001105,27
564,E01001106,16
565,E01001069,13
566,E01001075,17
567,E01001023,39
568,E01001067,24
569,E01001074,33
570,E01001068,13
571,E01001104,26
572,E01001024,12
573,E01001026,16
574,E01001027,18
575,E01000990,16
576,E01001190,17
577,E01001271,22
578,E01001309,43
579,E01001310,42
580,E01001308,23
581,E01001316,29
582,E01001320,15
583,E01001321,21
584,E01001319,13
585,E01001323,32
586,E01001266,20
587,E01001267,32
588,E01001272,27
589,E01001349,29
590,E01001347,51
591,E01001348,47
592,E01001257,34
593,E01001330,31
594,E01001327,28
595,E01001328,21
596,E01001331,13
597,E01001258,19
598,E01001262,28
599,E01001263,16
600,E01032743,15
601,E01032744,29
602,E01001278,70
603,E01001280,28
604,E01001260,40
605,E01001261,40
606,E01001211,18
607,E01001281,19
608,E01001217,7
609,E01001291,22
610,E01001292,13
611,E01001293,16
612,E01001196,43
613,E01001238,42
614,E01001246,95
615,E01001247,117
616,E01001283,29
617,E01001294,21
618,E01001295,15
619,E01001298,24
620,E01001204,19
621,E01001205,29
622,E01001206,25
623,E01001207,21
624,E01001222,10
625,E01001226,23
626,E01001221,42
627,E01001223,29
628,E01001225,41
629,E01001235,36
630,E01001273,41
631,E01001275,20
632,E01001213,25
633,E01001215,34
634,E01001361,108
635,E01001240,43
636,E01001242,34
637,E01001243,71
638,E01001244,16
639,E01001245,32
640,E01001200,25
641,E01001202,73
642,E01001359,37
643,E01001363,12
644,E01001364,16
645,E01001234,50
646,E01001350,25
647,E01001354,32
648,E01001250,34
649,E01001388,41
650,E01001220,19
651,E01001334,30
652,E01001337,43
653,E01001338,26
654,E01001254,17
655,E01001229,30
656,E01001232,22
657,E01001233,33
658,E01001386,29
659,E01001303,16
660,E01001357,51
661,E01001358,86
662,E01001377,27
663,E01001370,48
664,E01001371,45
665,E01001372,36
666,E01001336,50
667,E01001304,22
668,E01001376,26
669,E01032572,11
670,E01001444,39
671,E01001552,48
672,E01001545,26
673,E01001547,46
674,E01001551,29
675,E01001445,75
676,E01033148,52
677,E01001408,29
678,E01001412,89
679,E01001414,19
680,E01001407,21
681,E01001409,43
682,E01001439,59
683,E01001517,23
684,E01001549,31
685,E01001550,27
686,E01001433,31
687,E01001434,41
688,E01001435,21
689,E01001436,44
690,E01001438,58
691,E01001536,92
692,E01001540,45
693,E01001542,37
694,E01001539,21
695,E01001543,24
696,E01001544,35
697,E01001457,28
698,E01001474,25
699,E01001415,49
700,E01001422,40
701,E01001505,25
702,E01001507,87
703,E01001508,47
704,E01001513,44
705,E01001437,74
706,E01001506,30
707,E01001509,18
708,E01001510,5
709,E01001406,53
710,E01001450,75
711,E01001512,32
712,E01001515,21
713,E01001518,56
714,E01001451,52
715,E01001476,28
716,E01001502,44
717,E01001520,22
718,E01001522,11
719,E01001523,22
720,E01001524,6
721,E01001419,35
722,E01001400,27
723,E01001403,32
724,E01001564,17
725,E01001482,23
726,E01001487,23
727,E01001489,30
728,E01001491,29
729,E01001483,39
730,E01001492,48
731,E01033151,27
732,E01001423,30
733,E01001461,38
734,E01001464,29
735,E01001521,24
736,E01001532,30
737,E01001535,43
738,E01001495,29
739,E01001498,55
740,E01001566,15
741,E01001427,68
742,E01001429,121
743,E01001430,30
744,E01001497,17
745,E01001499,30
746,E01001392,17
747,E01001528,37
748,E01001529,37
749,E01001530,20
750,E01001555,60
751,E01001558,56
752,E01001559,85
753,E01001395,15
754,E01001500,38
755,E01001556,12
756,E01001390,17
757,E01001501,64
758,E01001527,61
759,E01001458,42
760,E01001553,23
761,E01001554,36
762,E01001562,28
763,E01032574,51
764,E01001690,16
765,E01001692,13
766,E01033740,14
767,E01033741,32
768,E01001578,74
769,E01001579,24
770,E01001709,10
771,E01001712,37
772,E01033731,52
773,E01033734,7
774,E01033736,51
775,E01033737,83
776,E01001708,16
777,E01001710,9
778,E01001673,53
779,E01001674,35
780,E01001632,19
781,E01033742,9
782,E01033744,31
783,E01001573,36
784,E01001629,29
785,E01001633,14
786,E01001634,20
787,E01001695,23
788,E01001696,64
789,E01001697,32
790,E01001700,60
791,E01001703,17
792,E01001704,24
793,E01001589,28
794,E01001591,38
795,E01001595,15
796,E01001592,9
797,E01001594,12
798,E01001698,34
799,E01001699,43
800,E01001701,46
801,E01001702,30
802,E01001585,21
803,E01001587,20
804,E01001678,28
805,E01001683,23
806,E01001684,19
807,E01001685,14
808,E01001646,61
809,E01001650,29
810,E01001680,19
811,E01001682,24
812,E01001686,11
813,E01001580,21
814,E01001582,22
815,E01001645,15
816,E01001647,21
817,E01001648,16
818,E01001610,21
819,E01001623,18
820,E01001624,23
821,E01001625,22
822,E01001608,12
823,E01001609,71
824,E01001613,43
825,E01001614,18
826,E01001617,14
827,E01001655,14
828,E01001660,14
829,E01001619,17
830,E01001600,20
831,E01001601,6
832,E01001669,34
833,E01001657,45
834,E01033726,45
835,E01001640,42
836,E01033727,46
837,E01033730,28
838,E01001667,67
839,E01033732,33
840,E01033733,38
841,E01001662,42
842,E01033738,46
843,E01001638,25
844,E01001641,77
845,E01001644,57
846,E01001808,44
847,E01001809,15
848,E01001714,38
849,E01001811,33
850,E01001813,44
851,E01033701,22
852,E01001799,35
853,E01001812,46
854,E01001824,29
855,E01001727,13
856,E01001768,43
857,E01001769,49
858,E01001717,22
859,E01001742,30
860,E01001806,29
861,E01001805,21
862,E01001829,33
863,E01001831,63
864,E01001832,34
865,E01001764,33
866,E01001767,32
867,E01001770,46
868,E01001792,50
869,E01001794,67
870,E01001796,53
871,E01001737,21
872,E01001738,45
873,E01001739,33
874,E01001787,18
875,E01001740,46
876,E01001833,54
877,E01001834,40
878,E01001835,17
879,E01001789,21
880,E01001791,29
881,E01001745,80
882,E01001758,65
883,E01001759,53
884,E01001731,100
885,E01001760,71
886,E01001762,64
887,E01001847,30
888,E01001848,51
889,E01001849,104
890,E01001729,51
891,E01001730,51
892,E01001732,35
893,E01001838,61
894,E01001850,21
895,E01001748,40
896,E01001763,56
897,E01001819,39
898,E01001750,89
899,E01001756,49
900,E01033698,8
901,E01033700,101
902,E01033707,16
903,E01001836,66
904,E01001840,19
905,E01001837,37
906,E01001839,83
907,E01001842,23
908,E01001843,20
909,E01033704,156
910,E01033712,113
911,E01001772,27
912,E01001774,90
913,E01001820,23
914,E01001752,21
915,E01001753,41
916,E01001754,35
917,E01001755,35
918,E01001773,72
919,E01001776,52
920,E01001779,30
921,E01001781,23
922,E01001782,21
923,E01001783,35
924,E01001777,60
925,E01001784,39
926,E01033706,132
927,E01033708,328
928,E01033709,49
929,E01033711,85
930,E01001828,36
931,E01033702,49
932,E01033710,26
933,E01001728,21
934,E01001874,23
935,E01001955,42
936,E01001943,146
937,E01001946,44
938,E01001862,40
939,E01001940,38
940,E01001941,106
941,E01001858,44
942,E01001861,20
943,E01001863,37
944,E01001852,23
945,E01001853,37
946,E01001854,37
947,E01001857,63
948,E01001859,13
949,E01001927,21
950,E01001896,27
951,E01001851,44
952,E01001855,23
953,E01001856,28
954,E01001869,34
955,E01001873,32
956,E01001931,15
957,E01001932,46
958,E01001866,50
959,E01001868,18
960,E01001870,24
961,E01001898,123
962,E01001899,74
963,E01001900,31
964,E01001910,31
965,E01001913,15
966,E01001914,33
967,E01001908,45
968,E01001909,18
969,E01001912,47
970,E01001886,57
971,E01001887,20
972,E01001892,20
973,E01001880,26
974,E01001881,76
975,E01001884,44
976,E01001879,27
977,E01001903,49
978,E01001920,42
979,E01001921,34
980,E01001923,25
981,E01001924,12
982,E01001947,23
983,E01001948,82
984,E01001949,17
985,E01001950,36
986,E01001953,44
987,E01001939,15
988,E01032789,21
989,E01001916,11
990,E01001926,24
991,E01001952,37
992,E01001925,35
993,E01001934,16
994,E01001938,14
995,E01001969,18
996,E01001974,35
997,E01002036,51
998,E01002037,79
999,E01002040,56
1000,E01001973,33
1001,E01002090,27
1002,E01002093,50
1003,E01002091,29
1004,E01002095,30
1005,E01002098,20
1006,E01002105,26
1007,E01002104,27
1008,E01001965,11
1009,E01001966,51
1010,E01002027,19
1011,E01002028,33
1012,E01002033,23
1013,E01001976,17
1014,E01001978,24
1015,E01001979,55
1016,E01002074,24
1017,E01002077,53
1018,E01002079,12
1019,E01002081,38
1020,E01002082,17
1021,E01001968,15
1022,E01001996,24
1023,E01002075,41
1024,E01002076,38
1025,E01002078,45
1026,E01002080,45
1027,E01002029,82
1028,E01002030,43
1029,E01002031,65
1030,E01001992,35
1031,E01001993,33
1032,E01001995,55
1033,E01001981,22
1034,E01001983,18
1035,E01002084,49
1036,E01002087,22
1037,E01002014,49
1038,E01002020,40
1039,E01002022,58
1040,E01002023,26
1041,E01002013,6
1042,E01002019,34
1043,E01001998,21
1044,E01001999,45
1045,E01002003,73
1046,E01002067,45
1047,E01002069,54
1048,E01002070,54
1049,E01002073,47
1050,E01002066,50
1051,E01002068,56
1052,E01002043,33
1053,E01002045,27
1054,E01002046,26
1055,E01002042,41
1056,E01002044,34
1057,E01002017,24
1058,E01002050,11
1059,E01002051,42
1060,E01002052,16
1061,E01001994,63
1062,E01002008,77
1063,E01002010,47
1064,E01002011,49
1065,E01002002,54
1066,E01002053,26
1067,E01002056,83
1068,E01001984,42
1069,E01001987,39
1070,E01001989,59
1071,E01001986,44
1072,E01002062,34
1073,E01002005,43
1074,E01002009,58
1075,E01002063,24
1076,E01002064,35
1077,E01002065,52
1078,E01002041,49
1079,E01032575,43
1080,E01002112,35
1081,E01002226,54
1082,E01002115,15
1083,E01002116,18
1084,E01002118,55
1085,E01002228,37
1086,E01002229,32
1087,E01002230,24
1088,E01002144,29
1089,E01002145,17
1090,E01002139,15
1091,E01002148,24
1092,E01002150,35
1093,E01002119,35
1094,E01002106,22
1095,E01002108,14
1096,E01002186,37
1097,E01002187,24
1098,E01002190,24
1099,E01002124,25
1100,E01002198,20
1101,E01002232,30
1102,E01002234,23
1103,E01002236,51
1104,E01002202,33
1105,E01002180,15
1106,E01002183,35
1107,E01002184,21
1108,E01002231,19
1109,E01002154,5
1110,E01002162,45
1111,E01002163,15
1112,E01002192,23
1113,E01002130,111
1114,E01002182,18
1115,E01002159,23
1116,E01002194,32
1117,E01002196,11
1118,E01002126,26
1119,E01002129,101
1120,E01002131,12
1121,E01002133,44
1122,E01002136,12
1123,E01002213,23
1124,E01002134,24
1125,E01002219,42
1126,E01002224,16
1127,E01002175,4
1128,E01002176,17
1129,E01002276,31
1130,E01002278,30
1131,E01002313,47
1132,E01002277,41
1133,E01002279,25
1134,E01002281,47
1135,E01002283,34
1136,E01002303,22
1137,E01002306,21
1138,E01002307,12
1139,E01002280,22
1140,E01002282,70
1141,E01002284,35
1142,E01002297,28
1143,E01002314,29
1144,E01002316,46
1145,E01002302,16
1146,E01002305,11
1147,E01002326,20
1148,E01002331,20
1149,E01002310,56
1150,E01002315,23
1151,E01002293,39
1152,E01002298,34
1153,E01002328,21
1154,E01002335,4
1155,E01002268,11
1156,E01002295,34
1157,E01002377,25
1158,E01002325,29
1159,E01002330,28
1160,E01002379,41
1161,E01002380,32
1162,E01002243,24
1163,E01002353,49
1164,E01002356,69
1165,E01032741,52
1166,E01002274,12
1167,E01002355,16
1168,E01002382,18
1169,E01002273,8
1170,E01002350,57
1171,E01002351,20
1172,E01002352,23
1173,E01002358,41
1174,E01002247,23
1175,E01002248,38
1176,E01002249,19
1177,E01002258,9
1178,E01002257,13
1179,E01002384,10
1180,E01002360,17
1181,E01002361,48
1182,E01002363,10
1183,E01002367,17
1184,E01002255,6
1185,E01002365,20
1186,E01002290,12
1187,E01002262,18
1188,E01002266,16
1189,E01002372,13
1190,E01002373,13
1191,E01002374,22
1192,E01002368,85
1193,E01002370,75
1194,E01002371,26
1195,E01002345,51
1196,E01002346,22
1197,E01002347,21
1198,E01002473,30
1199,E01002477,22
1200,E01002472,47
1201,E01002484,20
1202,E01002438,17
1203,E01002442,17
1204,E01002533,15
1205,E01002534,16
1206,E01002418,12
1207,E01002437,17
1208,E01002434,17
1209,E01002421,11
1210,E01002465,17
1211,E01002467,14
1212,E01002537,22
1213,E01002468,6
1214,E01002458,16
1215,E01002461,21
1216,E01002463,18
1217,E01002512,23
1218,E01002513,12
1219,E01002414,36
1220,E01002515,14
1221,E01033725,19
1222,E01002520,33
1223,E01002521,121
1224,E01033724,24
1225,E01002410,27
1226,E01002511,20
1227,E01002427,9
1228,E01002408,19
1229,E01002409,25
1230,E01002455,20
1231,E01002457,14
1232,E01002392,26
1233,E01002393,29
1234,E01002398,14
1235,E01002399,15
1236,E01002554,46
1237,E01002547,32
1238,E01002400,28
1239,E01002401,44
1240,E01002402,10
1241,E01002505,22
1242,E01002405,37
1243,E01002406,19
1244,E01002504,6
1245,E01002526,53
1246,E01002532,16
1247,E01002530,25
1248,E01002407,38
1249,E01002490,51
1250,E01002444,70
1251,E01002443,45
1252,E01002448,62
1253,E01002449,38
1254,E01002491,14
1255,E01002496,47
1256,E01002497,65
1257,E01002569,30
1258,E01002570,63
1259,E01002574,31
1260,E01002562,13
1261,E01002564,32
1262,E01002566,25
1263,E01002568,25
1264,E01033081,61
1265,E01002625,16
1266,E01002626,41
1267,E01002633,50
1268,E01002637,75
1269,E01002565,51
1270,E01002567,35
1271,E01002686,32
1272,E01002571,24
1273,E01002572,37
1274,E01002577,27
1275,E01002578,45
1276,E01002689,32
1277,E01002576,22
1278,E01002579,30
1279,E01002581,22
1280,E01002582,22
1281,E01002675,22
1282,E01002678,54
1283,E01002679,42
1284,E01002619,24
1285,E01002622,34
1286,E01002632,27
1287,E01002623,22
1288,E01002629,48
1289,E01002639,28
1290,E01002640,33
1291,E01002676,39
1292,E01002584,37
1293,E01002586,33
1294,E01002589,53
1295,E01002681,38
1296,E01002642,35
1297,E01002643,57
1298,E01002645,26
1299,E01002658,7
1300,E01002677,48
1301,E01002588,24
1302,E01002665,28
1303,E01002662,30
1304,E01002664,24
1305,E01002641,61
1306,E01002649,37
1307,E01033083,76
1308,E01033084,32
1309,E01002654,8
1310,E01002650,31
1311,E01002590,34
1312,E01002592,55
1313,E01002557,46
1314,E01002594,55
1315,E01033000,20
1316,E01033030,37
1317,E01002604,11
1318,E01002605,32
1319,E01002615,42
1320,E01002596,18
1321,E01002602,22
1322,E01002608,43
1323,E01002617,25
1324,E01002687,36
1325,E01032573,90
1326,E01002755,20
1327,E01002756,45
1328,E01002758,43
1329,E01002804,31
1330,E01002807,50
1331,E01002772,83
1332,E01002805,70
1333,E01002806,16
1334,E01002808,37
1335,E01002809,51
1336,E01002810,28
1337,E01002770,122
1338,E01002771,36
1339,E01002773,27
1340,E01002774,72
1341,E01002732,44
1342,E01002734,80
1343,E01002751,26
1344,E01002742,56
1345,E01002747,52
1346,E01002749,48
1347,E01002730,21
1348,E01002731,54
1349,E01002733,39
1350,E01002785,37
1351,E01002788,24
1352,E01002738,39
1353,E01002752,26
1354,E01002764,54
1355,E01002784,14
1356,E01002787,42
1357,E01033486,22
1358,E01033487,37
1359,E01033488,26
1360,E01002777,32
1361,E01002779,38
1362,E01002781,11
1363,E01002740,30
1364,E01002745,26
1365,E01002796,16
1366,E01002776,35
1367,E01002780,27
1368,E01002712,25
1369,E01002765,66
1370,E01002766,87
1371,E01002717,28
1372,E01002720,43
1373,E01002790,22
1374,E01002791,41
1375,E01002698,43
1376,E01002699,23
1377,E01002700,21
1378,E01002792,34
1379,E01002722,41
1380,E01002797,45
1381,E01002798,28
1382,E01002799,23
1383,E01002800,32
1384,E01002709,14
1385,E01002715,17
1386,E01002696,54
1387,E01002794,136
1388,E01002801,39
1389,E01002802,32
1390,E01002803,18
1391,E01002711,84
1392,E01002727,31
1393,E01002729,21
1394,E01002707,61
1395,E01002723,35
1396,E01002724,141
1397,E01033489,94
1398,E01002701,57
1399,E01002702,91
1400,E01002703,72
1401,E01002704,166
1402,E01002706,59
1403,E01002852,86
1404,E01002853,51
1405,E01002854,38
1406,E01002876,38
1407,E01002877,54
1408,E01002878,53
1409,E01002909,49
1410,E01002830,58
1411,E01002831,59
1412,E01002870,29
1413,E01002872,34
1414,E01002880,15
1415,E01002883,54
1416,E01002884,73
1417,E01002885,34
1418,E01002871,68
1419,E01002873,42
1420,E01002874,42
1421,E01002875,25
1422,E01002824,28
1423,E01002827,68
1424,E01002828,53
1425,E01002866,43
1426,E01002867,54
1427,E01002868,21
1428,E01002887,56
1429,E01002890,53
1430,E01002891,31
1431,E01002892,37
1432,E01002813,53
1433,E01002815,30
1434,E01002816,37
1435,E01002817,37
1436,E01002819,107
1437,E01002859,55
1438,E01002860,45
1439,E01002863,32
1440,E01002812,23
1441,E01002839,53
1442,E01002850,107
1443,E01002888,30
1444,E01002821,61
1445,E01002861,19
1446,E01002814,46
1447,E01002847,81
1448,E01002851,40
1449,E01002822,12
1450,E01002835,89
1451,E01002836,38
1452,E01002837,40
1453,E01002893,44
1454,E01002902,51
1455,E01002844,27
1456,E01002845,24
1457,E01002911,50
1458,E01002914,87
1459,E01002895,19
1460,E01002896,43
1461,E01002897,61
1462,E01002912,52
1463,E01002842,15
1464,E01002843,36
1465,E01003006,19
1466,E01003007,18
1467,E01003009,21
1468,E01003010,18
1469,E01002952,34
1470,E01002956,25
1471,E01002935,25
1472,E01002938,30
1473,E01002954,28
1474,E01002933,20
1475,E01002934,24
1476,E01002937,17
1477,E01003011,27
1478,E01033568,11
1479,E01002964,26
1480,E01002971,22
1481,E01002974,28
1482,E01002962,18
1483,E01002970,20
1484,E01002929,35
1485,E01002961,31
1486,E01002965,51
1487,E01002968,149
1488,E01002990,18
1489,E01002991,10
1490,E01002926,26
1491,E01002966,20
1492,E01002921,20
1493,E01002987,32
1494,E01002988,23
1495,E01002975,24
1496,E01002980,10
1497,E01002984,17
1498,E01002915,13
1499,E01002916,15
1500,E01002978,10
1501,E01002979,9
1502,E01002918,14
1503,E01003001,29
1504,E01002939,20
1505,E01002942,9
1506,E01003005,18
1507,E01002949,14
1508,E01003108,38
1509,E01003105,33
1510,E01003107,54
1511,E01003109,19
1512,E01003122,32
1513,E01003129,74
1514,E01033207,43
1515,E01003099,39
1516,E01003100,35
1517,E01003180,26
1518,E01003183,36
1519,E01003123,39
1520,E01003124,26
1521,E01003125,24
1522,E01003185,35
1523,E01003187,37
1524,E01003091,10
1525,E01003126,33
1526,E01003046,34
1527,E01003188,26
1528,E01003094,20
1529,E01003127,31
1530,E01003047,170
1531,E01003059,36
1532,E01003060,29
1533,E01003061,82
1534,E01003034,36
1535,E01003035,83
1536,E01003090,94
1537,E01003039,96
1538,E01003040,13
1539,E01003042,11
1540,E01003072,28
1541,E01003076,67
1542,E01003019,22
1543,E01003053,64
1544,E01003054,29
1545,E01003056,28
1546,E01003058,49
1547,E01003020,73
1548,E01003052,39
1549,E01003055,95
1550,E01003176,36
1551,E01003029,65
1552,E01003032,54
1553,E01003057,23
1554,E01003044,22
1555,E01003051,58
1556,E01003071,47
1557,E01003074,75
1558,E01003026,58
1559,E01003028,17
1560,E01003030,37
1561,E01003018,64
1562,E01003022,32
1563,E01003023,50
1564,E01003024,26
1565,E01003136,14
1566,E01003137,19
1567,E01003159,51
1568,E01003160,13
1569,E01003162,18
1570,E01003031,24
1571,E01003156,24
1572,E01003157,37
1573,E01003161,23
1574,E01003163,27
1575,E01003132,16
1576,E01003172,27
1577,E01003164,32
1578,E01003165,26
1579,E01003130,26
1580,E01003131,113
1581,E01003151,30
1582,E01003079,33
1583,E01003133,39
1584,E01003134,15
1585,E01003064,24
1586,E01003166,66
1587,E01003167,34
1588,E01003153,37
1589,E01003084,25
1590,E01003149,11
1591,E01003154,20
1592,E01003068,14
1593,E01003082,19
1594,E01003087,29
1595,E01003113,45
1596,E01003114,35
1597,E01003120,62
1598,E01003148,13
1599,E01003150,19
1600,E01003070,23
1601,E01003115,26
1602,E01003145,32
1603,E01003013,148
1604,E01003014,64
1605,E01003016,50
1606,E01032582,132
1607,E01003244,22
1608,E01003247,24
1609,E01003250,32
1610,E01003246,72
1611,E01003248,46
1612,E01003253,69
1613,E01003297,54
1614,E01003299,58
1615,E01003301,39
1616,E01003302,40
1617,E01003207,75
1618,E01003212,48
1619,E01003215,66
1620,E01003338,36
1621,E01003339,10
1622,E01003340,28
1623,E01003343,26
1624,E01003199,40
1625,E01003201,16
1626,E01003211,37
1627,E01003213,52
1628,E01003214,41
1629,E01033325,24
1630,E01003344,23
1631,E01003288,41
1632,E01003291,54
1633,E01003296,59
1634,E01033327,88
1635,E01033341,31
1636,E01003282,35
1637,E01003284,51
1638,E01003286,26
1639,E01003272,46
1640,E01003274,40
1641,E01003231,33
1642,E01003233,13
1643,E01003293,34
1644,E01003295,31
1645,E01033322,32
1646,E01003319,56
1647,E01003226,18
1648,E01003229,42
1649,E01003317,21
1650,E01003318,117
1651,E01003321,47
1652,E01003324,60
1653,E01003255,48
1654,E01003260,26
1655,E01003261,18
1656,E01003262,30
1657,E01003220,16
1658,E01003224,35
1659,E01003263,20
1660,E01003269,15
1661,E01003270,22
1662,E01003308,30
1663,E01003314,15
1664,E01003315,21
1665,E01003316,39
1666,E01003216,31
1667,E01003219,17
1668,E01003223,39
1669,E01003310,22
1670,E01003311,36
1671,E01003256,34
1672,E01003257,16
1673,E01003259,33
1674,E01003193,51
1675,E01003194,52
1676,E01003196,40
1677,E01003347,49
1678,E01003350,15
1679,E01003352,40
1680,E01003353,33
1681,E01003265,21
1682,E01003266,20
1683,E01003330,28
1684,E01003331,16
1685,E01003190,61
1686,E01003191,23
1687,E01003192,25
1688,E01003326,43
1689,E01003327,43
1690,E01003328,31
1691,E01003333,29
1692,E01003236,29
1693,E01003237,7
1694,E01003238,17
1695,E01003239,13
1696,E01032564,30
1697,E01003235,31
1698,E01003240,16
1699,E01003241,39
1700,E01003243,37
1701,E01003300,21
1702,E01003303,92
1703,E01003304,109
1704,E01032579,74
1705,E01003473,13
1706,E01003474,10
1707,E01003475,36
1708,E01003460,46
1709,E01003465,34
1710,E01003400,15
1711,E01003456,30
1712,E01003477,26
1713,E01003401,27
1714,E01003402,30
1715,E01003404,24
1716,E01003367,34
1717,E01003369,9
1718,E01003370,42
1719,E01003371,20
1720,E01003359,25
1721,E01003459,25
1722,E01003395,18
1723,E01003397,20
1724,E01003368,20
1725,E01003372,21
1726,E01003406,23
1727,E01003442,25
1728,E01003444,16
1729,E01003445,23
1730,E01003463,29
1731,E01003380,15
1732,E01003385,17
1733,E01003423,18
1734,E01003357,25
1735,E01003377,15
1736,E01003408,25
1737,E01003389,49
1738,E01003392,6
1739,E01003387,12
1740,E01003361,16
1741,E01003424,24
1742,E01003425,15
1743,E01003426,15
1744,E01003446,33
1745,E01003434,18
1746,E01003430,18
1747,E01003467,21
1748,E01003468,20
1749,E01003470,26
1750,E01003365,14
1751,E01003421,13
1752,E01003375,42
1753,E01003437,31
1754,E01003440,16
1755,E01003441,13
1756,E01003436,19
1757,E01003448,30
1758,E01003449,26
1759,E01003450,22
1760,E01003451,20
1761,E01003417,15
1762,E01003419,14
1763,E01003420,14
1764,E01003422,26
1765,E01003543,34
1766,E01003544,45
1767,E01003576,21
1768,E01003583,15
1769,E01003578,53
1770,E01003586,18
1771,E01003590,27
1772,E01003587,47
1773,E01003575,33
1774,E01003545,21
1775,E01003567,11
1776,E01003556,39
1777,E01003558,41
1778,E01003570,29
1779,E01003551,19
1780,E01003553,43
1781,E01003559,49
1782,E01003533,27
1783,E01003563,8
1784,E01003617,40
1785,E01003618,55
1786,E01003619,55
1787,E01003615,36
1788,E01033578,20
1789,E01033583,105
1790,E01003562,22
1791,E01003564,32
1792,E01003565,20
1793,E01003566,51
1794,E01003552,13
1795,E01003596,22
1796,E01003568,7
1797,E01003569,64
1798,E01003573,26
1799,E01003574,38
1800,E01003520,44
1801,E01003521,113
1802,E01003526,27
1803,E01003488,28
1804,E01003489,69
1805,E01003636,26
1806,E01003598,19
1807,E01003600,33
1808,E01003599,16
1809,E01003535,34
1810,E01003536,20
1811,E01003527,17
1812,E01003537,13
1813,E01003624,28
1814,E01003602,23
1815,E01003498,22
1816,E01003500,57
1817,E01003601,61
1818,E01003538,26
1819,E01003499,60
1820,E01003501,37
1821,E01003502,76
1822,E01003507,37
1823,E01003508,59
1824,E01003604,39
1825,E01003516,24
1826,E01003518,14
1827,E01003480,26
1828,E01003482,41
1829,E01003486,17
1830,E01003497,79
1831,E01033574,8
1832,E01033576,15
1833,E01033585,45
1834,E01003479,23
1835,E01003481,40
1836,E01003513,20
1837,E01003609,31
1838,E01033577,29
1839,E01033580,54
1840,E01033581,23
1841,E01003746,19
1842,E01003747,7
1843,E01003720,29
1844,E01003721,28
1845,E01003725,16
1846,E01003655,21
1847,E01003699,22
1848,E01003700,13
1849,E01003701,44
1850,E01003703,15
1851,E01003704,29
1852,E01003668,64
1853,E01003671,18
1854,E01003672,24
1855,E01003707,28
1856,E01003710,16
1857,E01003762,41
1858,E01003763,28
1859,E01003765,57
1860,E01003705,34
1861,E01003651,11
1862,E01003639,33
1863,E01003640,31
1864,E01003775,24
1865,E01003776,26
1866,E01003778,102
1867,E01003650,15
1868,E01003652,15
1869,E01003638,36
1870,E01003643,12
1871,E01003794,18
1872,E01003795,21
1873,E01003661,32
1874,E01003662,35
1875,E01003664,18
1876,E01003666,35
1877,E01033592,23
1878,E01003769,75
1879,E01003770,20
1880,E01003771,28
1881,E01003773,10
1882,E01003752,20
1883,E01003767,47
1884,E01003772,10
1885,E01003781,47
1886,E01003793,30
1887,E01003783,109
1888,E01003784,22
1889,E01003785,14
1890,E01003788,37
1891,E01003684,15
1892,E01003688,21
1893,E01003689,103
1894,E01033589,44
1895,E01033591,90
1896,E01003737,13
1897,E01003740,26
1898,E01003741,26
1899,E01003728,27
1900,E01003732,24
1901,E01003731,23
1902,E01003736,18
1903,E01003714,38
1904,E01003716,34
1905,E01003719,57
1906,E01003690,84
1907,E01003694,13
1908,E01003695,8
1909,E01003697,21
1910,E01003675,14
1911,E01003681,10
1912,E01003797,34
1913,E01003798,38
1914,E01003800,20
1915,E01003801,41
1916,E01003802,30
1917,E01003803,11
1918,E01003846,26
1919,E01003851,46
1920,E01003860,30
1921,E01003852,43
1922,E01003853,26
1923,E01003854,56
1924,E01003855,47
1925,E01003856,13
1926,E01003858,42
1927,E01003861,23
1928,E01003863,40
1929,E01033570,35
1930,E01003804,31
1931,E01003807,78
1932,E01003859,25
1933,E01003874,25
1934,E01003875,43
1935,E01003878,22
1936,E01003872,25
1937,E01003876,185
1938,E01003877,19
1939,E01003893,27
1940,E01003908,23
1941,E01003909,38
1942,E01003867,48
1943,E01003910,18
1944,E01003805,34
1945,E01003816,41
1946,E01003817,48
1947,E01003841,31
1948,E01003883,21
1949,E01003896,66
1950,E01003897,22
1951,E01003899,13
1952,E01003900,23
1953,E01003901,17
1954,E01003904,14
1955,E01003884,28
1956,E01003812,23
1957,E01003890,17
1958,E01003828,18
1959,E01003830,31
1960,E01003887,39
1961,E01003888,53
1962,E01003834,26
1963,E01003839,42
1964,E01003822,19
1965,E01003823,25
1966,E01003826,39
1967,E01004029,28
1968,E01003927,63
1969,E01003929,208
1970,E01003934,126
1971,E01003935,56
1972,E01003939,93
1973,E01004027,31
1974,E01032637,32
1975,E01032640,43
1976,E01032646,64
1977,E01032803,57
1978,E01003978,57
1979,E01004022,37
1980,E01004023,29
1981,E01003938,26
1982,E01003940,68
1983,E01003941,56
1984,E01003942,41
1985,E01003979,139
1986,E01003981,86
1987,E01004031,61
1988,E01004036,29
1989,E01004056,34
1990,E01004058,34
1991,E01003936,61
1992,E01003937,55
1993,E01003943,37
1994,E01003977,46
1995,E01004038,50
1996,E01004043,39
1997,E01003986,45
1998,E01003987,36
1999,E01004024,36
2000,E01004035,45
2001,E01003960,51
2002,E01003994,70
2003,E01032722,48
2004,E01003980,80
2005,E01004039,25
2006,E01004040,36
2007,E01004041,27
2008,E01003992,26
2009,E01003998,14
2010,E01003999,21
2011,E01032639,38
2012,E01032719,24
2013,E01003964,12
2014,E01003966,39
2015,E01003967,8
2016,E01003970,7
2017,E01003969,86
2018,E01003988,72
2019,E01003989,27
2020,E01004011,30
2021,E01004012,56
2022,E01004013,29
2023,E01003916,61
2024,E01003917,32
2025,E01003918,53
2026,E01003920,28
2027,E01003921,59
2028,E01003922,30
2029,E01003924,28
2030,E01003926,36
2031,E01004008,26
2032,E01004067,108
2033,E01004004,41
2034,E01004005,66
2035,E01004006,23
2036,E01003913,64
2037,E01003914,43
2038,E01003915,37
2039,E01004052,61
2040,E01004062,94
2041,E01004063,55
2042,E01004065,25
2043,E01004000,27
2044,E01004001,24
2045,E01004068,86
2046,E01004045,14
2047,E01004047,8
2048,E01004051,26
2049,E01004021,48
2050,E01004016,48
2051,E01004017,20
2052,E01003952,51
2053,E01003954,14
2054,E01003956,23
2055,E01004070,31
2056,E01004075,42
2057,E01003949,34
2058,E01003957,16
2059,E01003958,23
2060,E01004018,27
2061,E01003945,52
2062,E01003946,33
2063,E01003948,34
2064,E01003951,50
2065,E01003930,45
2066,E01003932,51
2067,E01003933,59
2068,E01032583,108
2069,E01032584,39
2070,E01004183,17
2071,E01004189,20
2072,E01004123,33
2073,E01004124,10
2074,E01004126,13
2075,E01004129,33
2076,E01004134,22
2077,E01004135,16
2078,E01004136,14
2079,E01004169,18
2080,E01004188,13
2081,E01004167,32
2082,E01004187,11
2083,E01004121,15
2084,E01004192,23
2085,E01004193,37
2086,E01004195,22
2087,E01004145,30
2088,E01004146,18
2089,E01004116,43
2090,E01004122,12
2091,E01004191,9
2092,E01004115,21
2093,E01004118,18
2094,E01004076,39
2095,E01004078,19
2096,E01004142,33
2097,E01004103,15
2098,E01004139,29
2099,E01004168,19
2100,E01004148,29
2101,E01004159,20
2102,E01004099,56
2103,E01004100,12
2104,E01004110,31
2105,E01004178,77
2106,E01004158,25
2107,E01004162,29
2108,E01004088,28
2109,E01004182,16
2110,E01004104,19
2111,E01004107,17
2112,E01004177,29
2113,E01004090,25
2114,E01004096,21
2115,E01004153,20
2116,E01004092,29
2117,E01004106,26
2118,E01004084,22
2119,E01004085,14
2120,E01004108,16
2121,E01032623,25
2122,E01004224,41
2123,E01004226,42
2124,E01004197,53
2125,E01004199,32
2126,E01004201,24
2127,E01004228,40
2128,E01004230,42
2129,E01004232,67
2130,E01004233,24
2131,E01004234,74
2132,E01004225,21
2133,E01004229,39
2134,E01004231,26
2135,E01032764,149
2136,E01032765,31
2137,E01004200,47
2138,E01004202,76
2139,E01004314,18
2140,E01004315,47
2141,E01004318,22
2142,E01004263,19
2143,E01004266,25
2144,E01004235,22
2145,E01004238,46
2146,E01004239,62
2147,E01004313,84
2148,E01004317,59
2149,E01004262,19
2150,E01004264,17
2151,E01032786,30
2152,E01004241,32
2153,E01004242,44
2154,E01004267,69
2155,E01004205,50
2156,E01004208,116
2157,E01004211,87
2158,E01004269,22
2159,E01004270,81
2160,E01004271,46
2161,E01004273,22
2162,E01004306,104
2163,E01004307,179
2164,E01004309,85
2165,E01004310,74
2166,E01004283,27
2167,E01004287,31
2168,E01004289,31
2169,E01004290,79
2170,E01004323,28
2171,E01004324,17
2172,E01004326,61
2173,E01004245,30
2174,E01004284,12
2175,E01004285,16
2176,E01004243,20
2177,E01004244,90
2178,E01004247,60
2179,E01004250,7
2180,E01004321,60
2181,E01004325,19
2182,E01032766,18
2183,E01004298,12
2184,E01004304,40
2185,E01004305,33
2186,E01004254,51
2187,E01004255,39
2188,E01004252,13
2189,E01004253,13
2190,E01004257,26
2191,E01004301,11
2192,E01004302,19
2193,E01004303,36
2194,E01032768,24
2195,E01032769,55
2196,E01004292,36
2197,E01004294,28
2198,E01004296,37
2199,E01004291,68
2200,E01004293,84
2201,E01004215,28
2202,E01004219,54
2203,E01032780,58
2204,E01004214,20
2205,E01004217,24
2206,E01004218,18
2207,E01004276,20
2208,E01032783,12
2209,E01032772,79
2210,E01032773,8
2211,E01032774,54
2212,E01004277,57
2213,E01032771,87
2214,E01032782,40
2215,E01004356,24
2216,E01004354,28
2217,E01004358,23
2218,E01004384,22
2219,E01004416,51
2220,E01004361,19
2221,E01004414,33
2222,E01004417,22
2223,E01004452,40
2224,E01004453,30
2225,E01004455,44
2226,E01004381,20
2227,E01004343,24
2228,E01004419,41
2229,E01004402,12
2230,E01004345,24
2231,E01004377,29
2232,E01004378,23
2233,E01004342,40
2234,E01004346,44
2235,E01004347,14
2236,E01004460,70
2237,E01004462,20
2238,E01004457,35
2239,E01004458,26
2240,E01004410,64
2241,E01004471,23
2242,E01004391,20
2243,E01004401,46
2244,E01004404,28
2245,E01004461,33
2246,E01004465,21
2247,E01004466,9
2248,E01004467,30
2249,E01004408,20
2250,E01004411,34
2251,E01004443,42
2252,E01004392,66
2253,E01004367,15
2254,E01004405,23
2255,E01004420,59
2256,E01033153,8
2257,E01004436,24
2258,E01004439,24
2259,E01004422,85
2260,E01004425,25
2261,E01004426,21
2262,E01004432,22
2263,E01004333,25
2264,E01004438,87
2265,E01004440,31
2266,E01004441,13
2267,E01004374,15
2268,E01004336,24
2269,E01004429,60
2270,E01004430,132
2271,E01004335,33
2272,E01004340,41
2273,E01004341,53
2274,E01004328,32
2275,E01004332,24
2276,E01004560,44
2277,E01004566,38
2278,E01004582,18
2279,E01004583,36
2280,E01033098,66
2281,E01033132,88
2282,E01004539,20
2283,E01004577,30
2284,E01004580,38
2285,E01004581,24
2286,E01033101,17
2287,E01004565,40
2288,E01004590,22
2289,E01004591,89
2290,E01004605,29
2291,E01004608,30
2292,E01004535,11
2293,E01004537,74
2294,E01004538,43
2295,E01004534,52
2296,E01004588,69
2297,E01004554,14
2298,E01004586,26
2299,E01004509,24
2300,E01004602,29
2301,E01004609,87
2302,E01033093,42
2303,E01004506,43
2304,E01004639,48
2305,E01004640,31
2306,E01004510,29
2307,E01004514,36
2308,E01004551,37
2309,E01004574,10
2310,E01004575,39
2311,E01004500,10
2312,E01004501,33
2313,E01004503,16
2314,E01004507,78
2315,E01004557,29
2316,E01004558,17
2317,E01004619,32
2318,E01004642,40
2319,E01004644,50
2320,E01004645,21
2321,E01004555,19
2322,E01004494,44
2323,E01004513,30
2324,E01004600,36
2325,E01004601,32
2326,E01004627,26
2327,E01004502,21
2328,E01004629,24
2329,E01004472,56
2330,E01004476,65
2331,E01004542,16
2332,E01004544,17
2333,E01004631,27
2334,E01004569,26
2335,E01004573,17
2336,E01004496,54
2337,E01004598,11
2338,E01004475,29
2339,E01004483,37
2340,E01004543,33
2341,E01004545,50
2342,E01004546,12
2343,E01004625,23
2344,E01004626,39
2345,E01004632,21
2346,E01004635,21
2347,E01004481,32
2348,E01004548,26
2349,E01004490,9
2350,E01004491,16
2351,E01004498,23
2352,E01004612,36
2353,E01004618,12
2354,E01004610,10
2355,E01004614,36
2356,E01004615,13
2357,E01004617,74
2358,E01004525,98
2359,E01004526,40
2360,E01004529,41
2361,E01004516,20
2362,E01004520,11
2363,E01004523,24
2364,E01004522,22
2365,E01004724,43
2366,E01004730,26
2367,E01004646,43
2368,E01004648,86
2369,E01004650,25
2370,E01004728,42
2371,E01004729,11
2372,E01004718,39
2373,E01004722,46
2374,E01004674,39
2375,E01004675,108
2376,E01004678,41
2377,E01004707,37
2378,E01004708,43
2379,E01004756,39
2380,E01004705,29
2381,E01033600,12
2382,E01033608,12
2383,E01004659,76
2384,E01004727,48
2385,E01004702,77
2386,E01033598,38
2387,E01033605,59
2388,E01004755,99
2389,E01004757,25
2390,E01032512,57
2391,E01004713,78
2392,E01004714,297
2393,E01004717,87
2394,E01004762,115
2395,E01004657,136
2396,E01004658,95
2397,E01004661,151
2398,E01004662,72
2399,E01004663,110
2400,E01004715,75
2401,E01004763,411
2402,E01004765,300
2403,E01033595,165
2404,E01033596,58
2405,E01004654,128
2406,E01004656,77
2407,E01004760,24
2408,E01033606,6
2409,E01033607,14
2410,E01004680,66
2411,E01004683,69
2412,E01004684,43
2413,E01004686,30
2414,E01033593,59
2415,E01033594,148
2416,E01004681,92
2417,E01004682,109
2418,E01004694,50
2419,E01004700,79
2420,E01004652,60
2421,E01004695,76
2422,E01004696,32
2423,E01004698,84
2424,E01004699,159
2425,E01004734,339
2426,E01004735,246
2427,E01004736,266
2428,E01004761,194
2429,E01004687,39
2430,E01004689,16
2431,E01004690,34
2432,E01004691,63
2433,E01004731,116
2434,E01004732,36
2435,E01004733,54
2436,E01004743,25
2437,E01004745,22
2438,E01004747,70
2439,E01004742,39
2440,E01004749,112
2441,E01004666,17
2442,E01004668,23
2443,E01004750,93
2444,E01004665,12
2445,E01004737,21
2446,E01004738,15
2447,E01004739,9
2448,E01004741,14
2449,E01000030,21
2450,E01000032,52
2451,E01000112,22
2452,E01000113,32
2453,E01000034,12
2454,E01000039,8
2455,E01000033,10
2456,E01000061,19
2457,E01000062,34
2458,E01000022,17
2459,E01000023,7
2460,E01000024,15
2461,E01000025,27
2462,E01000107,28
2463,E01000073,18
2464,E01000013,47
2465,E01000014,28
2466,E01000085,17
2467,E01000086,14
2468,E01000104,26
2469,E01000106,36
2470,E01000011,9
2471,E01000040,26
2472,E01000053,19
2473,E01000089,24
2474,E01000096,42
2475,E01032580,30
2476,E01000248,23
2477,E01000252,28
2478,E01000289,18
2479,E01000294,11
2480,E01000228,21
2481,E01000253,37
2482,E01000279,58
2483,E01000280,28
2484,E01000116,29
2485,E01000120,15
2486,E01000274,23
2487,E01000275,25
2488,E01000284,32
2489,E01000229,45
2490,E01000186,19
2491,E01000158,19
2492,E01000161,39
2493,E01000324,31
2494,E01000256,21
2495,E01000264,53
2496,E01000193,68
2497,E01000302,30
2498,E01000318,37
2499,E01000323,37
2500,E01000278,24
2501,E01000303,35
2502,E01000156,36
2503,E01000163,30
2504,E01000134,23
2505,E01000204,42
2506,E01000259,39
2507,E01000153,31
2508,E01000184,12
2509,E01000297,23
2510,E01000201,43
2511,E01000177,32
2512,E01000148,19
2513,E01000305,45
2514,E01000308,46
2515,E01000313,31
2516,E01000215,21
2517,E01000135,30
2518,E01000142,52
2519,E01000422,10
2520,E01000333,33
2521,E01000336,36
2522,E01000332,13
2523,E01000417,19
2524,E01000442,10
2525,E01000438,19
2526,E01000439,38
2527,E01000441,19
2528,E01000433,24
2529,E01000434,20
2530,E01000356,36
2531,E01000435,13
2532,E01000453,15
2533,E01000328,15
2534,E01000331,14
2535,E01000374,25
2536,E01000378,7
2537,E01000348,6
2538,E01000346,14
2539,E01000364,8
2540,E01000447,29
2541,E01000463,5
2542,E01000457,51
2543,E01000459,19
2544,E01000400,7
2545,E01000593,31
2546,E01000520,25
2547,E01000591,33
2548,E01000536,18
2549,E01000623,32
2550,E01000480,30
2551,E01000485,18
2552,E01000487,31
2553,E01000573,8
2554,E01000562,15
2555,E01000482,17
2556,E01000564,15
2557,E01000557,26
2558,E01000612,16
2559,E01000616,27
2560,E01000621,27
2561,E01000596,24
2562,E01000490,67
2563,E01000561,61
2564,E01000521,25
2565,E01000595,21
2566,E01000548,69
2567,E01000632,23
2568,E01000581,41
2569,E01000535,45
2570,E01000532,38
2571,E01000534,14
2572,E01000779,40
2573,E01000781,15
2574,E01000714,68
2575,E01000696,23
2576,E01000744,23
2577,E01000693,21
2578,E01000698,34
2579,E01000736,18
2580,E01000716,19
2581,E01000717,24
2582,E01000713,25
2583,E01000703,30
2584,E01000706,24
2585,E01000735,25
2586,E01000699,14
2587,E01000762,10
2588,E01000720,31
2589,E01000728,30
2590,E01000668,27
2591,E01000650,23
2592,E01000769,14
2593,E01000778,22
2594,E01000766,8
2595,E01000790,87
2596,E01000837,21
2597,E01000840,9
2598,E01000789,22
2599,E01000666,25
2600,E01000667,11
2601,E01000760,22
2602,E01000683,20
2603,E01000687,13
2604,E01032563,22
2605,E01000708,14
2606,E01000907,29
2607,E01000912,39
2608,E01000878,48
2609,E01000879,28
2610,E01000871,42
2611,E01000890,21
2612,E01000901,34
2613,E01000882,25
2614,E01000932,15
2615,E01000847,29
2616,E01000869,41
2617,E01000962,29
2618,E01000964,63
2619,E01000968,68
2620,E01000960,38
2621,E01000963,33
2622,E01000857,15
2623,E01000858,55
2624,E01000929,31
2625,E01000946,70
2626,E01000947,80
2627,E01000951,23
2628,E01000936,7
2629,E01000941,24
2630,E01000942,34
2631,E01001084,15
2632,E01001088,15
2633,E01001140,20
2634,E01001176,38
2635,E01001183,26
2636,E01001193,14
2637,E01001177,37
2638,E01000991,10
2639,E01001134,14
2640,E01001010,50
2641,E01001011,47
2642,E01000985,8
2643,E01000975,46
2644,E01001046,30
2645,E01001050,27
2646,E01001168,26
2647,E01001130,8
2648,E01001129,22
2649,E01001169,20
2650,E01001171,28
2651,E01001036,31
2652,E01001122,29
2653,E01001058,6
2654,E01001065,30
2655,E01001108,16
2656,E01001079,20
2657,E01001092,41
2658,E01001096,18
2659,E01001099,20
2660,E01001016,17
2661,E01001071,18
2662,E01001018,12
2663,E01001019,12
2664,E01001021,15
2665,E01001022,11
2666,E01001269,21
2667,E01001312,20
2668,E01001322,36
2669,E01001344,40
2670,E01001324,14
2671,E01001326,19
2672,E01001325,18
2673,E01001276,32
2674,E01001277,43
2675,E01001279,26
2676,E01001239,36
2677,E01001210,36
2678,E01001296,7
2679,E01001199,23
2680,E01001290,10
2681,E01001214,12
2682,E01001362,75
2683,E01001365,26
2684,E01001249,94
2685,E01001255,10
2686,E01001339,28
2687,E01001252,62
2688,E01001253,28
2689,E01001230,34
2690,E01001384,12
2691,E01001353,19
2692,E01001356,26
2693,E01001375,12
2694,E01001373,22
2695,E01001333,108
2696,E01001302,15
2697,E01001380,17
2698,E01001546,19
2699,E01001447,39
2700,E01001448,23
2701,E01001449,30
2702,E01033150,32
2703,E01001413,28
2704,E01001410,47
2705,E01001516,53
2706,E01001441,39
2707,E01001469,10
2708,E01001538,17
2709,E01001471,24
2710,E01001417,46
2711,E01001418,41
2712,E01001440,37
2713,E01001504,31
2714,E01001475,30
2715,E01001405,34
2716,E01001478,25
2717,E01001484,17
2718,E01001511,41
2719,E01001452,25
2720,E01001453,21
2721,E01001477,32
2722,E01001421,22
2723,E01001519,25
2724,E01001402,48
2725,E01001455,25
2726,E01001567,17
2727,E01001569,67
2728,E01001479,51
2729,E01001459,37
2730,E01001460,21
2731,E01001462,31
2732,E01001480,18
2733,E01001493,29
2734,E01001494,20
2735,E01001425,47
2736,E01001533,43
2737,E01001563,85
2738,E01001431,42
2739,E01001394,16
2740,E01001397,25
2741,E01001391,25
2742,E01001693,15
2743,E01001687,22
2744,E01001577,21
2745,E01033735,30
2746,E01001713,7
2747,E01001672,23
2748,E01001675,44
2749,E01001677,34
2750,E01001636,22
2751,E01001574,14
2752,E01001637,20
2753,E01001588,19
2754,E01001590,25
2755,E01001586,15
2756,E01001651,33
2757,E01001615,52
2758,E01001653,13
2759,E01001654,17
2760,E01001599,13
2761,E01001671,23
2762,E01001659,18
2763,E01001666,76
2764,E01001668,17
2765,E01001665,37
2766,E01033746,22
2767,E01001814,23
2768,E01001807,22
2769,E01001725,17
2770,E01001726,8
2771,E01001724,42
2772,E01001716,35
2773,E01001718,29
2774,E01001720,21
2775,E01001736,29
2776,E01001747,78
2777,E01001830,33
2778,E01001785,25
2779,E01001734,94
2780,E01001846,31
2781,E01001735,47
2782,E01001816,32
2783,E01001744,41
2784,E01001751,50
2785,E01033699,116
2786,E01001841,19
2787,E01001844,52
2788,E01001775,25
2789,E01001780,62
2790,E01033705,36
2791,E01001722,55
2792,E01001878,22
2793,E01001958,20
2794,E01001954,11
2795,E01001960,26
2796,E01001944,28
2797,E01001945,29
2798,E01001942,62
2799,E01001895,34
2800,E01001872,23
2801,E01001893,28
2802,E01001894,45
2803,E01001890,45
2804,E01001882,24
2805,E01001888,9
2806,E01001901,20
2807,E01001951,40
2808,E01001904,36
2809,E01001935,20
2810,E01032788,32
2811,E01032790,8
2812,E01001915,43
2813,E01001937,43
2814,E01001972,22
2815,E01002094,26
2816,E01002101,22
2817,E01002099,19
2818,E01002088,46
2819,E01001997,29
2820,E01001991,25
2821,E01001980,22
2822,E01002085,33
2823,E01033085,25
2824,E01033086,20
2825,E01002021,26
2826,E01002024,19
2827,E01002071,33
2828,E01002047,15
2829,E01002060,21
2830,E01002055,16
2831,E01002001,39
2832,E01002058,29
2833,E01002057,23
2834,E01001988,37
2835,E01001990,88
2836,E01002006,23
2837,E01002061,41
2838,E01002034,113
2839,E01002225,35
2840,E01002117,11
2841,E01002227,18
2842,E01002149,9
2843,E01002140,23
2844,E01002141,15
2845,E01002151,26
2846,E01002122,19
2847,E01002123,42
2848,E01002185,19
2849,E01002125,46
2850,E01002233,40
2851,E01002235,24
2852,E01002179,97
2853,E01002189,36
2854,E01002168,12
2855,E01002169,17
2856,E01002157,22
2857,E01002164,17
2858,E01002127,23
2859,E01002238,26
2860,E01002240,14
2861,E01002241,17
2862,E01002216,22
2863,E01002135,39
2864,E01002218,34
2865,E01002221,28
2866,E01002222,16
2867,E01002220,17
2868,E01002223,28
2869,E01002207,20
2870,E01002170,10
2871,E01002171,18
2872,E01002299,32
2873,E01002304,27
2874,E01002296,36
2875,E01002334,28
2876,E01002378,13
2877,E01002244,34
2878,E01002245,24
2879,E01002329,28
2880,E01002319,49
2881,E01002250,20
2882,E01002391,23
2883,E01002254,11
2884,E01002321,15
2885,E01002292,6
2886,E01002287,9
2887,E01002291,11
2888,E01002265,17
2889,E01002285,13
2890,E01002286,15
2891,E01002260,22
2892,E01002261,31
2893,E01002369,23
2894,E01002475,35
2895,E01002476,23
2896,E01002482,28
2897,E01002474,21
2898,E01002485,30
2899,E01002440,21
2900,E01002433,35
2901,E01002432,34
2902,E01002435,19
2903,E01002417,26
2904,E01002420,10
2905,E01002494,18
2906,E01002415,11
2907,E01002469,5
2908,E01002495,27
2909,E01002459,7
2910,E01002450,14
2911,E01002451,8
2912,E01002412,28
2913,E01002456,10
2914,E01002509,20
2915,E01002423,28
2916,E01002429,12
2917,E01002540,13
2918,E01002543,23
2919,E01002394,6
2920,E01002397,53
2921,E01002518,18
2922,E01002519,28
2923,E01002550,12
2924,E01002541,12
2925,E01002546,26
2926,E01002403,22
2927,E01002548,18
2928,E01002549,21
2929,E01002506,80
2930,E01002507,38
2931,E01002525,25
2932,E01002489,32
2933,E01002446,38
2934,E01002493,27
2935,E01002575,34
2936,E01002620,44
2937,E01002627,18
2938,E01002638,28
2939,E01002563,34
2940,E01002684,28
2941,E01002690,25
2942,E01002680,22
2943,E01002636,14
2944,E01002621,26
2945,E01002628,42
2946,E01002630,17
2947,E01002674,24
2948,E01002668,22
2949,E01002661,36
2950,E01002624,23
2951,E01002646,22
2952,E01002663,23
2953,E01002653,13
2954,E01002667,31
2955,E01002671,15
2956,E01002652,31
2957,E01002595,44
2958,E01002558,20
2959,E01002559,32
2960,E01002560,23
2961,E01002591,29
2962,E01002593,40
2963,E01002613,34
2964,E01002607,34
2965,E01002616,32
2966,E01002609,32
2967,E01002610,34
2968,E01002692,50
2969,E01002693,67
2970,E01002811,41
2971,E01002753,34
2972,E01002754,28
2973,E01002735,109
2974,E01002769,34
2975,E01002743,4
2976,E01002744,35
2977,E01002783,26
2978,E01002767,29
2979,E01002778,39
2980,E01002739,28
2981,E01002795,71
2982,E01002716,30
2983,E01002721,30
2984,E01002775,23
2985,E01002708,63
2986,E01002713,41
2987,E01002719,49
2988,E01002714,29
2989,E01002697,28
2990,E01002710,23
2991,E01002726,67
2992,E01033490,63
2993,E01002855,39
2994,E01002906,27
2995,E01002908,35
2996,E01002829,44
2997,E01002856,27
2998,E01002881,17
2999,E01002833,53
3000,E01002825,35
3001,E01002826,58
3002,E01002864,19
3003,E01002869,46
3004,E01002889,27
3005,E01002865,40
3006,E01002818,88
3007,E01002848,40
3008,E01002846,35
3009,E01002900,34
3010,E01002903,39
3011,E01002910,21
3012,E01002838,17
3013,E01002913,29
3014,E01003008,11
3015,E01033569,27
3016,E01002969,24
3017,E01002972,28
3018,E01002960,23
3019,E01002930,48
3020,E01002985,15
3021,E01002986,16
3022,E01002967,25
3023,E01002977,10
3024,E01002993,19
3025,E01002995,10
3026,E01002976,15
3027,E01002983,18
3028,E01002994,24
3029,E01002998,11
3030,E01002946,8
3031,E01003112,41
3032,E01003106,19
3033,E01003097,22
3034,E01003089,32
3035,E01003128,31
3036,E01003048,46
3037,E01003075,10
3038,E01003182,30
3039,E01003093,16
3040,E01003045,13
3041,E01003037,63
3042,E01003073,54
3043,E01003043,44
3044,E01003027,29
3045,E01003173,12
3046,E01003021,25
3047,E01003025,36
3048,E01003158,25
3049,E01003174,26
3050,E01003169,42
3051,E01003170,42
3052,E01003138,29
3053,E01003080,29
3054,E01003066,23
3055,E01003081,37
3056,E01003117,78
3057,E01003118,40
3058,E01003065,16
3059,E01003086,13
3060,E01003119,30
3061,E01003062,33
3062,E01003063,30
3063,E01003141,29
3064,E01003139,16
3065,E01003017,61
3066,E01003245,30
3067,E01003251,18
3068,E01003305,27
3069,E01003341,23
3070,E01003205,47
3071,E01003200,44
3072,E01003279,23
3073,E01003290,34
3074,E01003275,19
3075,E01003276,30
3076,E01003232,32
3077,E01003280,16
3078,E01003292,43
3079,E01003228,14
3080,E01003230,21
3081,E01003322,39
3082,E01003254,18
3083,E01003222,11
3084,E01003268,21
3085,E01003221,32
3086,E01003354,26
3087,E01003309,26
3088,E01003348,25
3089,E01003264,37
3090,E01003267,12
3091,E01003329,15
3092,E01003334,55
3093,E01003189,15
3094,E01003298,15
3095,E01003478,52
3096,E01003464,34
3097,E01003455,17
3098,E01003396,14
3099,E01003398,38
3100,E01003393,23
3101,E01003407,19
3102,E01003383,24
3103,E01003386,26
3104,E01003447,13
3105,E01003471,24
3106,E01003413,18
3107,E01003390,27
3108,E01003405,27
3109,E01003427,41
3110,E01003439,12
3111,E01003546,31
3112,E01003591,35
3113,E01003549,41
3114,E01003555,18
3115,E01003571,21
3116,E01003554,33
3117,E01003530,7
3118,E01003531,12
3119,E01003616,43
3120,E01003626,3
3121,E01003525,47
3122,E01003630,45
3123,E01003491,29
3124,E01003606,11
3125,E01003621,14
3126,E01003622,23
3127,E01003623,18
3128,E01003542,34
3129,E01003495,18
3130,E01003607,35
3131,E01003539,17
3132,E01003540,31
3133,E01003541,23
3134,E01003503,45
3135,E01003483,30
3136,E01003485,11
3137,E01003514,12
3138,E01003515,52
3139,E01033582,12
3140,E01003748,41
3141,E01003749,8
3142,E01003726,41
3143,E01003654,12
3144,E01003658,6
3145,E01003656,19
3146,E01003657,45
3147,E01003674,62
3148,E01003760,17
3149,E01003777,45
3150,E01003645,41
3151,E01003663,19
3152,E01003751,26
3153,E01003753,15
3154,E01003754,21
3155,E01003758,9
3156,E01003768,43
3157,E01003791,29
3158,E01003683,16
3159,E01003738,27
3160,E01003743,22
3161,E01003733,17
3162,E01003734,36
3163,E01003735,21
3164,E01003715,23
3165,E01003718,17
3166,E01003692,8
3167,E01003677,22
3168,E01003680,77
3169,E01003847,40
3170,E01003862,26
3171,E01003865,22
3172,E01033571,27
3173,E01003879,22
3174,E01003892,27
3175,E01003870,29
3176,E01003840,11
3177,E01003842,29
3178,E01003843,37
3179,E01003845,35
3180,E01003882,38
3181,E01003898,18
3182,E01003902,12
3183,E01003885,15
3184,E01003820,18
3185,E01003891,26
3186,E01003815,42
3187,E01003829,30
3188,E01003836,20
3189,E01003837,31
3190,E01003824,13
3191,E01004053,19
3192,E01004055,10
3193,E01003976,65
3194,E01003975,37
3195,E01004030,32
3196,E01004033,50
3197,E01004034,22
3198,E01004057,60
3199,E01004059,40
3200,E01032720,39
3201,E01004037,36
3202,E01004042,55
3203,E01003961,78
3204,E01003995,24
3205,E01003971,28
3206,E01003972,32
3207,E01003973,52
3208,E01003923,20
3209,E01003991,26
3210,E01004007,25
3211,E01003912,18
3212,E01003911,27
3213,E01003919,27
3214,E01032805,9
3215,E01003984,27
3216,E01004066,39
3217,E01004019,24
3218,E01004064,38
3219,E01003953,58
3220,E01003955,30
3221,E01004015,22
3222,E01004020,22
3223,E01004071,13
3224,E01004072,23
3225,E01004074,56
3226,E01004125,26
3227,E01004184,17
3228,E01004185,28
3229,E01004130,54
3230,E01004131,15
3231,E01004186,26
3232,E01004163,13
3233,E01004144,19
3234,E01004147,14
3235,E01004190,9
3236,E01004132,11
3237,E01004172,30
3238,E01004077,18
3239,E01004079,15
3240,E01004080,18
3241,E01004101,12
3242,E01004138,25
3243,E01004097,7
3244,E01004098,11
3245,E01004157,15
3246,E01004170,46
3247,E01004155,20
3248,E01004156,31
3249,E01004086,34
3250,E01004181,15
3251,E01004151,23
3252,E01004091,17
3253,E01004105,23
3254,E01004093,22
3255,E01004094,18
3256,E01004114,46
3257,E01004222,41
3258,E01004203,95
3259,E01004204,27
3260,E01004311,40
3261,E01004260,43
3262,E01004209,22
3263,E01004268,13
3264,E01004272,47
3265,E01004322,56
3266,E01004246,19
3267,E01004249,43
3268,E01004286,46
3269,E01004319,16
3270,E01032767,83
3271,E01004295,39
3272,E01004221,42
3273,E01032778,8
3274,E01032779,8
3275,E01004275,21
3276,E01004350,42
3277,E01004352,13
3278,E01004353,10
3279,E01004359,8
3280,E01004389,14
3281,E01004379,23
3282,E01004380,15
3283,E01004387,10
3284,E01004388,19
3285,E01004382,5
3286,E01004403,40
3287,E01004459,9
3288,E01004470,35
3289,E01004468,32
3290,E01004406,14
3291,E01004409,44
3292,E01004394,9
3293,E01004397,95
3294,E01004449,14
3295,E01004366,29
3296,E01004368,35
3297,E01004424,54
3298,E01004427,35
3299,E01004372,8
3300,E01004334,43
3301,E01004373,30
3302,E01004434,26
3303,E01004337,23
3304,E01004339,9
3305,E01004327,21
3306,E01004329,29
3307,E01004330,16
3308,E01004562,33
3309,E01004564,46
3310,E01004540,56
3311,E01004604,21
3312,E01004606,10
3313,E01004541,27
3314,E01004536,39
3315,E01004552,79
3316,E01004585,26
3317,E01004589,35
3318,E01033135,8
3319,E01004638,37
3320,E01004508,62
3321,E01004515,20
3322,E01004559,21
3323,E01004477,35
3324,E01004478,15
3325,E01004479,36
3326,E01004550,26
3327,E01004594,28
3328,E01004474,110
3329,E01004473,34
3330,E01004480,19
3331,E01004484,26
3332,E01004486,15
3333,E01004634,28
3334,E01004488,15
3335,E01004547,27
3336,E01004485,74
3337,E01004489,25
3338,E01004492,45
3339,E01004533,15
3340,E01004613,38
3341,E01004616,23
3342,E01004527,20
3343,E01004519,15
3344,E01004521,20
3345,E01004524,24
3346,E01004649,37
3347,E01004710,45
3348,E01004651,28
3349,E01004725,28
3350,E01004726,33
3351,E01004719,25
3352,E01004721,59
3353,E01004723,61
3354,E01004706,25
3355,E01004701,43
3356,E01004703,48
3357,E01004709,54
3358,E01004660,44
3359,E01004670,32
3360,E01033601,25
3361,E01033602,64
3362,E01033603,60
3363,E01033604,64
3364,E01004754,49
3365,E01004693,66
3366,E01004744,44
3367,E01004667,10
3368,E01033599,9
3369,E01000101,19
3370,E01000060,32
3371,E01000102,21
3372,E01000103,32
3373,E01000012,29
3374,E01000009,38
3375,E01000055,12
3376,E01000050,28
3377,E01000093,26
3378,E01000019,5
3379,E01000254,18
3380,E01000293,18
3381,E01000168,23
3382,E01000169,5
3383,E01000285,15
3384,E01000287,7
3385,E01000267,22
3386,E01000270,18
3387,E01000173,11
3388,E01000174,27
3389,E01000271,22
3390,E01000117,17
3391,E01000188,32
3392,E01000263,24
3393,E01000317,25
3394,E01000130,23
3395,E01000165,14
3396,E01000197,34
3397,E01000131,41
3398,E01000126,23
3399,E01000178,23
3400,E01000179,19
3401,E01000181,56
3402,E01000210,27
3403,E01000217,28
3404,E01000145,44
3405,E01000218,27
3406,E01000224,36
3407,E01000467,11
3408,E01000338,15
3409,E01000403,77
3410,E01000334,16
3411,E01000421,9
3412,E01000451,9
3413,E01000372,9
3414,E01000353,5
3415,E01000354,9
3416,E01000355,10
3417,E01000436,6
3418,E01000401,21
3419,E01000377,8
3420,E01000347,9
3421,E01000342,8
3422,E01000343,14
3423,E01000426,4
3424,E01000398,11
3425,E01032566,24
3426,E01000589,20
3427,E01000517,20
3428,E01000543,7
3429,E01000629,22
3430,E01000484,13
3431,E01000572,6
3432,E01000479,31
3433,E01000626,19
3434,E01033464,8
3435,E01000511,24
3436,E01000627,48
3437,E01033457,26
3438,E01000603,20
3439,E01000488,11
3440,E01000522,32
3441,E01000472,37
3442,E01000473,22
3443,E01000475,34
3444,E01000533,42
3445,E01000551,45
3446,E01000785,23
3447,E01000692,38
3448,E01000784,8
3449,E01000697,26
3450,E01000800,31
3451,E01000730,24
3452,E01000721,35
3453,E01000671,34
3454,E01000826,14
3455,E01000809,12
3456,E01000808,13
3457,E01000662,25
3458,E01000812,19
3459,E01000814,20
3460,E01000787,12
3461,E01000752,7
3462,E01000685,16
3463,E01000818,27
3464,E01032562,16
3465,E01032570,22
3466,E01000908,25
3467,E01000909,38
3468,E01000893,27
3469,E01000884,34
3470,E01000872,83
3471,E01000927,46
3472,E01000926,29
3473,E01000969,49
3474,E01000859,45
3475,E01000957,26
3476,E01000935,69
3477,E01000938,68
3478,E01000940,7
3479,E01000002,7
3480,E01000005,14
3481,E01001138,9
3482,E01001163,11
3483,E01001090,17
3484,E01001145,24
3485,E01000995,27
3486,E01000997,18
3487,E01001155,37
3488,E01001175,13
3489,E01001116,38
3490,E01001004,29
3491,E01000980,10
3492,E01001187,30
3493,E01001005,25
3494,E01000993,28
3495,E01001049,25
3496,E01001166,24
3497,E01001127,10
3498,E01001038,19
3499,E01001055,11
3500,E01001125,22
3501,E01001060,16
3502,E01001066,10
3503,E01001119,8
3504,E01001121,13
3505,E01001070,15
3506,E01001072,13
3507,E01001025,5
3508,E01001194,21
3509,E01032569,14
3510,E01001307,24
3511,E01001317,24
3512,E01001318,18
3513,E01001343,19
3514,E01001265,19
3515,E01001329,12
3516,E01001208,17
3517,E01001228,28
3518,E01001236,17
3519,E01001195,54
3520,E01001216,19
3521,E01001241,44
3522,E01001351,38
3523,E01001352,21
3524,E01001389,34
3525,E01001219,33
3526,E01001387,29
3527,E01001335,42
3528,E01001369,43
3529,E01001301,28
3530,E01001446,20
3531,E01001442,23
3532,E01001472,34
3533,E01001454,25
3534,E01001420,14
3535,E01001399,32
3536,E01001456,16
3537,E01001568,18
3538,E01001488,30
3539,E01001486,36
3540,E01001570,41
3541,E01001428,30
3542,E01001565,18
3543,E01001463,16
3544,E01001465,29
3545,E01001466,4
3546,E01001534,46
3547,E01001557,35
3548,E01001688,25
3549,E01001705,38
3550,E01001635,12
3551,E01001581,42
3552,E01001583,12
3553,E01001584,30
3554,E01001607,16
3555,E01001661,9
3556,E01001603,10
3557,E01001676,51
3558,E01001664,45
3559,E01001802,12
3560,E01001800,39
3561,E01001801,24
3562,E01001803,20
3563,E01033713,39
3564,E01001788,25
3565,E01001790,14
3566,E01001761,54
3567,E01001749,35
3568,E01001821,15
3569,E01001798,35
3570,E01001822,50
3571,E01001875,22
3572,E01001876,74
3573,E01001877,70
3574,E01001956,15
3575,E01001865,22
3576,E01001930,17
3577,E01001928,21
3578,E01001933,65
3579,E01001911,24
3580,E01001891,43
3581,E01001919,23
3582,E01001905,17
3583,E01001906,19
3584,E01001971,16
3585,E01001975,31
3586,E01001970,29
3587,E01002092,22
3588,E01002100,34
3589,E01001963,22
3590,E01002032,16
3591,E01002026,56
3592,E01001982,30
3593,E01002015,19
3594,E01002018,14
3595,E01002004,25
3596,E01002072,55
3597,E01002049,28
3598,E01002016,18
3599,E01002000,15
3600,E01002054,28
3601,E01001985,39
3602,E01002007,34
3603,E01002038,56
3604,E01002113,28
3605,E01002147,31
3606,E01002197,12
3607,E01002201,13
3608,E01002188,13
3609,E01002165,21
3610,E01002155,17
3611,E01002181,49
3612,E01002160,32
3613,E01002161,20
3614,E01002191,10
3615,E01002208,17
3616,E01002212,15
3617,E01002132,13
3618,E01002215,26
3619,E01002172,13
3620,E01002301,12
3621,E01002311,32
3622,E01002339,10
3623,E01002341,14
3624,E01002332,19
3625,E01002338,30
3626,E01002269,14
3627,E01002383,17
3628,E01002337,25
3629,E01002381,15
3630,E01002271,20
3631,E01002246,20
3632,E01002259,10
3633,E01002322,8
3634,E01002386,54
3635,E01002390,12
3636,E01002288,4
3637,E01002264,22
3638,E01002267,5
3639,E01002375,32
3640,E01002344,37
3641,E01002478,21
3642,E01002439,23
3643,E01002481,30
3644,E01002535,36
3645,E01002460,8
3646,E01002516,9
3647,E01002523,30
3648,E01002411,9
3649,E01002544,10
3650,E01002551,11
3651,E01002552,24
3652,E01002553,33
3653,E01002486,30
3654,E01002487,21
3655,E01002529,43
3656,E01002531,30
3657,E01002492,19
3658,E01002447,49
3659,E01002573,21
3660,E01002634,17
3661,E01002580,33
3662,E01002635,19
3663,E01002682,30
3664,E01002587,22
3665,E01002660,29
3666,E01002648,12
3667,E01002655,25
3668,E01002659,10
3669,E01002670,32
3670,E01002672,15
3671,E01002651,16
3672,E01002666,21
3673,E01002556,30
3674,E01002561,15
3675,E01002611,24
3676,E01002599,29
3677,E01002603,19
3678,E01002736,28
3679,E01002748,38
3680,E01002789,49
3681,E01002741,25
3682,E01002762,45
3683,E01033491,69
3684,E01033492,10
3685,E01002782,18
3686,E01002718,21
3687,E01002694,12
3688,E01002695,60
3689,E01002728,46
3690,E01002725,21
3691,E01002905,53
3692,E01002907,12
3693,E01002832,48
3694,E01002882,36
3695,E01002886,76
3696,E01002820,11
3697,E01002894,58
3698,E01002901,12
3699,E01002841,38
3700,E01002957,13
3701,E01002932,21
3702,E01002928,31
3703,E01002923,25
3704,E01002925,20
3705,E01002999,20
3706,E01002924,20
3707,E01003002,16
3708,E01002919,21
3709,E01003000,25
3710,E01002944,13
3711,E01002945,7
3712,E01003015,19
3713,E01003101,30
3714,E01003102,59
3715,E01003104,19
3716,E01003181,19
3717,E01003186,64
3718,E01003092,42
3719,E01003096,30
3720,E01003036,20
3721,E01003095,26
3722,E01003078,22
3723,E01003050,35
3724,E01003177,44
3725,E01003178,31
3726,E01003175,25
3727,E01003135,23
3728,E01003152,24
3729,E01003116,25
3730,E01003083,21
3731,E01003067,27
3732,E01003142,21
3733,E01003146,24
3734,E01003249,20
3735,E01003252,29
3736,E01003204,33
3737,E01003202,20
3738,E01003336,39
3739,E01003345,25
3740,E01003283,15
3741,E01003225,20
3742,E01003285,36
3743,E01003287,13
3744,E01033320,27
3745,E01003320,26
3746,E01003325,35
3747,E01003217,22
3748,E01003307,25
3749,E01003346,22
3750,E01003351,19
3751,E01003312,33
3752,E01003313,37
3753,E01003332,15
3754,E01003335,37
3755,E01003461,30
3756,E01003458,13
3757,E01003394,18
3758,E01003355,26
3759,E01003356,23
3760,E01003382,20
3761,E01003388,23
3762,E01003391,17
3763,E01003435,33
3764,E01003366,16
3765,E01003378,29
3766,E01003379,24
3767,E01003466,16
3768,E01003363,15
3769,E01003364,12
3770,E01003374,37
3771,E01003453,17
3772,E01003438,15
3773,E01003452,20
3774,E01003418,11
3775,E01003548,20
3776,E01003557,43
3777,E01003588,2
3778,E01003522,22
3779,E01003490,18
3780,E01003632,19
3781,E01003633,34
3782,E01003634,20
3783,E01003592,41
3784,E01003523,48
3785,E01003493,9
3786,E01003594,28
3787,E01003593,33
3788,E01003605,44
3789,E01003484,6
3790,E01003487,9
3791,E01003506,22
3792,E01003512,38
3793,E01003517,24
3794,E01003750,31
3795,E01003722,17
3796,E01003723,21
3797,E01003727,12
3798,E01003659,19
3799,E01003702,20
3800,E01003669,22
3801,E01003673,27
3802,E01003761,12
3803,E01003764,21
3804,E01003711,33
3805,E01003646,29
3806,E01003648,24
3807,E01003647,12
3808,E01003653,53
3809,E01003796,17
3810,E01003792,18
3811,E01003686,26
3812,E01003742,29
3813,E01003729,30
3814,E01003696,16
3815,E01003799,36
3816,E01003849,24
3817,E01003848,25
3818,E01003907,19
3819,E01003869,37
3820,E01003844,21
3821,E01003819,11
3822,E01003831,29
3823,E01003886,18
3824,E01003827,32
3825,E01032638,17
3826,E01032834,35
3827,E01004028,51
3828,E01004044,15
3829,E01003974,7
3830,E01003993,16
3831,E01004010,28
3832,E01004050,14
3833,E01004048,14
3834,E01004049,9
3835,E01004046,13
3836,E01004069,23
3837,E01003950,31
3838,E01003947,12
3839,E01004164,26
3840,E01004127,18
3841,E01004117,7
3842,E01004194,17
3843,E01004196,11
3844,E01004119,13
3845,E01004133,12
3846,E01004173,15
3847,E01004081,14
3848,E01004082,17
3849,E01004160,11
3850,E01004111,23
3851,E01004087,9
3852,E01004152,52
3853,E01004089,22
3854,E01004180,18
3855,E01004154,15
3856,E01004198,36
3857,E01032784,14
3858,E01004259,45
3859,E01004236,27
3860,E01004237,18
3861,E01004312,27
3862,E01004316,46
3863,E01004261,16
3864,E01032785,38
3865,E01004207,31
3866,E01004212,75
3867,E01032787,36
3868,E01004308,37
3869,E01004248,37
3870,E01004300,10
3871,E01004251,55
3872,E01004258,40
3873,E01004256,21
3874,E01004216,7
3875,E01032781,26
3876,E01004351,12
3877,E01004385,11
3878,E01004355,23
3879,E01004451,41
3880,E01004450,22
3881,E01004454,20
3882,E01004344,26
3883,E01004418,12
3884,E01004398,21
3885,E01004348,37
3886,E01004407,52
3887,E01004464,36
3888,E01004469,37
3889,E01004446,15
3890,E01004448,26
3891,E01004364,18
3892,E01004365,23
3893,E01004362,7
3894,E01004370,30
3895,E01004331,16
3896,E01004563,29
3897,E01033100,48
3898,E01004584,5
3899,E01033099,39
3900,E01033133,23
3901,E01004511,40
3902,E01004505,28
3903,E01004553,24
3904,E01004572,19
3905,E01004620,15
3906,E01004628,30
3907,E01004570,21
3908,E01004593,23
3909,E01004637,11
3910,E01004482,18
3911,E01004611,13
3912,E01004528,34
3913,E01004530,9
3914,E01004647,40
3915,E01004720,21
3916,E01004677,35
3917,E01004679,49
3918,E01004712,77
3919,E01004697,50
3920,E01004688,31
3921,E01004692,23
3922,E01004748,45
3923,E01004751,10
3924,E01033597,33
3925,E01004669,26
3926,E01000028,11
3927,E01000110,10
3928,E01000021,23
3929,E01000070,48
3930,E01000041,22
3931,E01000052,20
3932,E01000091,21
3933,E01000249,15
3934,E01000167,16
3935,E01000288,25
3936,E01000175,21
3937,E01000272,17
3938,E01000119,22
3939,E01000187,17
3940,E01000190,17
3941,E01000191,19
3942,E01000301,23
3943,E01000315,41
3944,E01000212,21
3945,E01000222,28
3946,E01000465,8
3947,E01000373,11
3948,E01000359,16
3949,E01000368,15
3950,E01000380,12
3951,E01000454,6
3952,E01000370,14
3953,E01000327,12
3954,E01000389,19
3955,E01000460,9
3956,E01000423,9
3957,E01000587,30
3958,E01000486,20
3959,E01000568,28
3960,E01000503,48
3961,E01000606,8
3962,E01000507,28
3963,E01000604,10
3964,E01000640,29
3965,E01000526,47
3966,E01000528,15
3967,E01000549,36
3968,E01000584,12
3969,E01000585,21
3970,E01000689,12
3971,E01000711,26
3972,E01000737,31
3973,E01000653,20
3974,E01000829,15
3975,E01000651,16
3976,E01000830,10
3977,E01000652,16
3978,E01000767,7
3979,E01000753,18
3980,E01000754,17
3981,E01000654,11
3982,E01000655,14
3983,E01000816,10
3984,E01032568,13
3985,E01000924,31
3986,E01000844,19
3987,E01000875,23
3988,E01000961,32
3989,E01000853,39
3990,E01001157,10
3991,E01001160,20
3992,E01001083,16
3993,E01001141,7
3994,E01001002,6
3995,E01000998,17
3996,E01001113,25
3997,E01001132,26
3998,E01001133,14
3999,E01001035,17
4000,E01001095,34
4001,E01001053,9
4002,E01001061,15
4003,E01001102,23
4004,E01001076,21
4005,E01001028,21
4006,E01001017,15
4007,E01001189,7
4008,E01001315,18
4009,E01001270,9
4010,E01001332,9
4011,E01001360,23
4012,E01001340,15
4013,E01001382,14
4014,E01001385,26
4015,E01001355,25
4016,E01001366,23
4017,E01001367,68
4018,E01001368,9
4019,E01001411,25
4020,E01001541,19
4021,E01001416,18
4022,E01001503,14
4023,E01001526,14
4024,E01001525,18
4025,E01033146,22
4026,E01001404,17
4027,E01001496,39
4028,E01001531,20
4029,E01001426,36
4030,E01001694,11
4031,E01033739,16
4032,E01033745,16
4033,E01001575,25
4034,E01001576,20
4035,E01001706,10
4036,E01001571,21
4037,E01001572,21
4038,E01001652,27
4039,E01001649,16
4040,E01001611,21
4041,E01001621,28
4042,E01001658,23
4043,E01033728,24
4044,E01001823,28
4045,E01001723,18
4046,E01001741,15
4047,E01001795,22
4048,E01001786,32
4049,E01001733,61
4050,E01001897,14
4051,E01001871,29
4052,E01001917,24
4053,E01001902,45
4054,E01002096,16
4055,E01002097,24
4056,E01001964,14
4057,E01002083,22
4058,E01002025,22
4059,E01002048,39
4060,E01002142,35
4061,E01002121,21
4062,E01002203,19
4063,E01002107,15
4064,E01002156,10
4065,E01002128,17
4066,E01002217,19
4067,E01002210,11
4068,E01002174,7
4069,E01002312,18
4070,E01002294,11
4071,E01002272,5
4072,E01002251,13
4073,E01002359,8
4074,E01002324,16
4075,E01002289,30
4076,E01002362,12
4077,E01002366,7
4078,E01002385,15
4079,E01002389,19
4080,E01002263,10
4081,E01002483,37
4082,E01002441,18
4083,E01002436,21
4084,E01002480,16
4085,E01002536,19
4086,E01002514,47
4087,E01002424,15
4088,E01002425,12
4089,E01002395,6
4090,E01002503,32
4091,E01002527,13
4092,E01002499,14
4093,E01032577,17
4094,E01033082,32
4095,E01002583,12
4096,E01002683,10
4097,E01002555,35
4098,E01002612,27
4099,E01002598,54
4100,E01002614,37
4101,E01002691,16
4102,E01002857,17
4103,E01002879,19
4104,E01002834,17
4105,E01002823,21
4106,E01002898,37
4107,E01002899,14
4108,E01002955,14
4109,E01002973,21
4110,E01002963,17
4111,E01002927,18
4112,E01002989,15
4113,E01002917,13
4114,E01002996,14
4115,E01002997,14
4116,E01002948,14
4117,E01003111,13
4118,E01003098,18
4119,E01003121,15
4120,E01003184,6
4121,E01003088,27
4122,E01003038,41
4123,E01003041,53
4124,E01003033,25
4125,E01003171,17
4126,E01003144,32
4127,E01003140,27
4128,E01003143,10
4129,E01003209,36
4130,E01003206,12
4131,E01003198,27
4132,E01003203,44
4133,E01003342,15
4134,E01003323,14
4135,E01003403,18
4136,E01003384,11
4137,E01003443,16
4138,E01003411,19
4139,E01003412,25
4140,E01003429,8
4141,E01003431,16
4142,E01003432,15
4143,E01003582,16
4144,E01003532,12
4145,E01003560,7
4146,E01003631,11
4147,E01003603,21
4148,E01003608,18
4149,E01033584,14
4150,E01003611,24
4151,E01003698,9
4152,E01003670,11
4153,E01003712,11
4154,E01003642,12
4155,E01003774,16
4156,E01003779,5
4157,E01003757,12
4158,E01003755,35
4159,E01003786,5
4160,E01003739,11
4161,E01003730,3
4162,E01003864,21
4163,E01003809,22
4164,E01003868,11
4165,E01003894,13
4166,E01003903,28
4167,E01003814,17
4168,E01003832,19
4169,E01003833,27
4170,E01003838,35
4171,E01004054,41
4172,E01004060,29
4173,E01003990,34
4174,E01004003,30
4175,E01004061,27
4176,E01004073,21
4177,E01004128,19
4178,E01004176,14
4179,E01004102,27
4180,E01004109,21
4181,E01004223,28
4182,E01004206,63
4183,E01004288,11
4184,E01004281,12
4185,E01004280,18
4186,E01004349,15
4187,E01004415,9
4188,E01004456,23
4189,E01004399,7
4190,E01004400,20
4191,E01004463,14
4192,E01004412,35
4193,E01004447,2
4194,E01004445,14
4195,E01004592,18
4196,E01004587,11
4197,E01004641,16
4198,E01004493,28
4199,E01004621,26
4200,E01004630,11
4201,E01004571,24
4202,E01004595,16
4203,E01004487,20
4204,E01004532,8
4205,E01032513,23
4206,E01004753,18
4207,E01000063,13
4208,E01000080,14
4209,E01000069,6
4210,E01000068,7
4211,E01000292,22
4212,E01000269,25
4213,E01000121,10
4214,E01000261,20
4215,E01000133,18
4216,E01000202,27
4217,E01000206,36
4218,E01000225,33
4219,E01000468,19
4220,E01000416,44
4221,E01000418,12
4222,E01000410,13
4223,E01000444,17
4224,E01000449,6
4225,E01000446,12
4226,E01000382,17
4227,E01000563,16
4228,E01000607,11
4229,E01000613,10
4230,E01000567,15
4231,E01000617,33
4232,E01000559,29
4233,E01000631,15
4234,E01000633,30
4235,E01000476,27
4236,E01000695,11
4237,E01000836,7
4238,E01000759,14
4239,E01000681,10
4240,E01000688,7
4241,E01000886,25
4242,E01000971,5
4243,E01000906,56
4244,E01000966,14
4245,E01000001,4
4246,E01001150,9
4247,E01001003,7
4248,E01001077,5
4249,E01001059,4
4250,E01001020,8
4251,E01001346,28
4252,E01001218,21
4253,E01001268,16
4254,E01001212,7
4255,E01001227,20
4256,E01001251,18
4257,E01001237,15
4258,E01001381,41
4259,E01001299,20
4260,E01001305,25
4261,E01001537,30
4262,E01001468,21
4263,E01001470,17
4264,E01001481,14
4265,E01001432,40
4266,E01001560,26
4267,E01001631,23
4268,E01001605,19
4269,E01001618,18
4270,E01033729,12
4271,E01032567,11
4272,E01001642,29
4273,E01001825,12
4274,E01001715,26
4275,E01001765,31
4276,E01033703,67
4277,E01001793,30
4278,E01001845,19
4279,E01001860,51
4280,E01001889,29
4281,E01001922,39
4282,E01001907,21
4283,E01001962,25
4284,E01002102,22
4285,E01002086,26
4286,E01002143,18
4287,E01002152,18
4288,E01002209,25
4289,E01002239,38
4290,E01002138,7
4291,E01002211,5
4292,E01032576,12
4293,E01002309,12
4294,E01002327,12
4295,E01002376,6
4296,E01032742,19
4297,E01002317,7
4298,E01002275,2
4299,E01002320,11
4300,E01002323,17
4301,E01002387,14
4302,E01002348,14
4303,E01002479,22
4304,E01002538,14
4305,E01002452,12
4306,E01002426,19
4307,E01002445,23
4308,E01002618,41
4309,E01002585,25
4310,E01002669,18
4311,E01002656,12
4312,E01002606,14
4313,E01002601,25
4314,E01002760,58
4315,E01002768,27
4316,E01002737,28
4317,E01033494,15
4318,E01002763,62
4319,E01002786,51
4320,E01002793,35
4321,E01002840,41
4322,E01002959,20
4323,E01002951,14
4324,E01002922,11
4325,E01002920,36
4326,E01003004,14
4327,E01003110,31
4328,E01003077,28
4329,E01003155,23
4330,E01003069,4
4331,E01003147,16
4332,E01003273,16
4333,E01003277,21
4334,E01003278,39
4335,E01003281,19
4336,E01003218,11
4337,E01003271,14
4338,E01003195,18
4339,E01032565,14
4340,E01003454,7
4341,E01003409,27
4342,E01003428,17
4343,E01003414,19
4344,E01003415,14
4345,E01003416,18
4346,E01003373,10
4347,E01003362,10
4348,E01003550,13
4349,E01003581,15
4350,E01003577,22
4351,E01003529,13
4352,E01003534,6
4353,E01033579,39
4354,E01003625,12
4355,E01003492,8
4356,E01033575,15
4357,E01003511,22
4358,E01003759,8
4359,E01003706,12
4360,E01003649,3
4361,E01003644,17
4362,E01003685,17
4363,E01003713,17
4364,E01032581,19
4365,E01003857,15
4366,E01003873,35
4367,E01003895,8
4368,E01003905,6
4369,E01004014,43
4370,E01003925,19
4371,E01004165,10
4372,E01004137,38
4373,E01004143,6
4374,E01004174,9
4375,E01004179,17
4376,E01004240,18
4377,E01004297,26
4378,E01032777,19
4379,E01004386,13
4380,E01004413,32
4381,E01004444,75
4382,E01004421,15
4383,E01004437,24
4384,E01004442,13
4385,E01004369,19
4386,E01004375,32
4387,E01004567,27
4388,E01004607,16
4389,E01004643,25
4390,E01004623,22
4391,E01004499,38
4392,E01004495,21
4393,E01004599,17
4394,E01004549,21
4395,E01004518,11
4396,E01004517,37
4397,E01004676,32
4398,E01004716,28
4399,E01004653,46
4400,E01000065,20
4401,E01000078,27
4402,E01000081,14
4403,E01000079,12
4404,E01000036,25
4405,E01033588,1
4406,E01000283,30
4407,E01000276,15
4408,E01000132,27
4409,E01000298,17
4410,E01000388,16
4411,E01000387,8
4412,E01000539,16
4413,E01000540,20
4414,E01000622,22
4415,E01000570,8
4416,E01000576,12
4417,E01000565,14
4418,E01000618,12
4419,E01000471,5
4420,E01000691,18
4421,E01000649,18
4422,E01000672,22
4423,E01000770,20
4424,E01000679,9
4425,E01000731,17
4426,E01000764,14
4427,E01000838,11
4428,E01000758,12
4429,E01000686,6
4430,E01000903,36
4431,E01000944,11
4432,E01001156,11
4433,E01001186,16
4434,E01001009,19
4435,E01001056,14
4436,E01001030,22
4437,E01001314,16
4438,E01001341,15
4439,E01001345,17
4440,E01001264,26
4441,E01001209,24
4442,E01001285,36
4443,E01001286,17
4444,E01001287,11
4445,E01001224,19
4446,E01001197,14
4447,E01001231,46
4448,E01001379,13
4449,E01001248,20
4450,E01001300,9
4451,E01001401,20
4452,E01001514,16
4453,E01001485,36
4454,E01033743,16
4455,E01001620,25
4456,E01001598,13
4457,E01001826,22
4458,E01001827,33
4459,E01001959,20
4460,E01001929,18
4461,E01001883,26
4462,E01002103,22
4463,E01002120,25
4464,E01002153,7
4465,E01002158,15
4466,E01002214,19
4467,E01002204,13
4468,E01002308,12
4469,E01002336,8
4470,E01002349,7
4471,E01002342,16
4472,E01002539,8
4473,E01002430,17
4474,E01002470,23
4475,E01002416,8
4476,E01002471,9
4477,E01002466,9
4478,E01002454,19
4479,E01002422,17
4480,E01002542,27
4481,E01002413,25
4482,E01002508,59
4483,E01002657,17
4484,E01002673,10
4485,E01002600,15
4486,E01002759,33
4487,E01002904,14
4488,E01002958,19
4489,E01003003,12
4490,E01002943,6
4491,E01003085,19
4492,E01003210,32
4493,E01033324,24
4494,E01003349,14
4495,E01003197,21
4496,E01003360,11
4497,E01003358,33
4498,E01003433,6
4499,E01003469,31
4500,E01003584,15
4501,E01003579,20
4502,E01033586,47
4503,E01003494,10
4504,E01003595,20
4505,E01003496,16
4506,E01003745,17
4507,E01003708,15
4508,E01003641,12
4509,E01003693,10
4510,E01003679,8
4511,E01003682,12
4512,E01003808,32
4513,E01003866,7
4514,E01003871,21
4515,E01003821,32
4516,E01003806,38
4517,E01003889,26
4518,E01004032,17
4519,E01004171,14
4520,E01004175,14
4521,E01004140,24
4522,E01004149,13
4523,E01004112,14
4524,E01004083,14
4525,E01004360,9
4526,E01004363,14
4527,E01004423,14
4528,E01004435,20
4529,E01004428,15
4530,E01004579,40
4531,E01004556,9
4532,E01004568,24
4533,E01004576,21
4534,E01004512,11
4535,E01004504,17
4536,E01004633,12
4537,E01004622,21
4538,E01004624,20
4539,E01004597,19
4540,E01004636,13
4541,E01004740,14
4542,E01004752,25
4543,E01000054,16
4544,E01000115,19
4545,E01000437,8
4546,E01000371,4
4547,E01000365,11
4548,E01000396,10
4549,E01000351,5
4550,E01000501,23
4551,E01000645,17
4552,E01000820,18
4553,E01000822,9
4554,E01000647,10
4555,E01000678,21
4556,E01000723,7
4557,E01000794,10
4558,E01000771,14
4559,E01000864,5
4560,E01000917,25
4561,E01001149,9
4562,E01001153,12
4563,E01001128,8
4564,E01001039,13
4565,E01001123,17
4566,E01001031,11
4567,E01001311,21
4568,E01001288,20
4569,E01001306,15
4570,E01001548,33
4571,E01001467,14
4572,E01001711,2
4573,E01001596,11
4574,E01001757,9
4575,E01001961,4
4576,E01001867,12
4577,E01002114,22
4578,E01002167,7
4579,E01002270,28
4580,E01002253,8
4581,E01002343,14
4582,E01002419,10
4583,E01002453,10
4584,E01002428,10
4585,E01002501,18
4586,E01002502,28
4587,E01002528,22
4588,E01002488,22
4589,E01002498,7
4590,E01002647,28
4591,E01002757,14
4592,E01002849,24
4593,E01002953,21
4594,E01002931,13
4595,E01002992,13
4596,E01003337,16
4597,E01003227,22
4598,E01003399,12
4599,E01003628,12
4600,E01003660,12
4601,E01003709,7
4602,E01003790,12
4603,E01003676,13
4604,E01003825,27
4605,E01003983,10
4606,E01004002,14
4607,E01004141,9
4608,E01004095,19
4609,E01032776,20
4610,E01004357,27
4611,E01004371,6
4612,E01004376,22
4613,E01000157,7
4614,E01000452,8
4615,E01000358,9
4616,E01000391,15
4617,E01000425,6
4618,E01000381,14
4619,E01000399,25
4620,E01000624,19
4621,E01000525,46
4622,E01000690,20
4623,E01000705,12
4624,E01000670,25
4625,E01000839,5
4626,E01000756,14
4627,E01000682,18
4628,E01000885,40
4629,E01001184,10
4630,E01000982,21
4631,E01000987,6
4632,E01001062,25
4633,E01001313,13
4634,E01001259,11
4635,E01001297,12
4636,E01001274,21
4637,E01001289,14
4638,E01001473,20
4639,E01001398,14
4640,E01001606,4
4641,E01001656,18
4642,E01001815,14
4643,E01001885,9
4644,E01001977,16
4645,E01001967,17
4646,E01002109,14
4647,E01002110,17
4648,E01002199,5
4649,E01002193,13
4650,E01002195,7
4651,E01002237,13
4652,E01002206,13
4653,E01002300,20
4654,E01002252,13
4655,E01002256,6
4656,E01002431,5
4657,E01002464,11
4658,E01002858,16
4659,E01002862,18
4660,E01002940,5
4661,E01002950,8
4662,E01003179,4
4663,E01003381,16
4664,E01003580,17
4665,E01003547,11
4666,E01003597,9
4667,E01003519,11
4668,E01003789,24
4669,E01003766,17
4670,E01003691,22
4671,E01003880,24
4672,E01003813,20
4673,E01003968,4
4674,E01003963,11
4675,E01004166,16
4676,E01004150,23
4677,E01004390,10
4678,E01004393,25
4679,E01004497,13
4680,E01004711,13
4681,E01000170,14
4682,E01000413,9
4683,E01000341,7
4684,E01000445,7
4685,E01000610,16
4686,E01000772,25
4687,E01000648,7
4688,E01000831,11
4689,E01000811,11
4690,E01000832,15
4691,E01000768,10
4692,E01001124,18
4693,E01001015,8
4694,E01001374,13
4695,E01001393,14
4696,E01001681,7
4697,E01001602,9
4698,E01001804,5
4699,E01002200,23
4700,E01002242,14
4701,E01002137,10
4702,E01002173,18
4703,E01002340,6
4704,E01002545,15
4705,E01002396,32
4706,E01033493,12
4707,E01003376,13
4708,E01003585,5
4709,E01003509,17
4710,E01003724,8
4711,E01003756,4
4712,E01003787,7
4713,E01003906,9
4714,E01003881,9
4715,E01003811,9
4716,E01003997,21
4717,E01004120,13
4718,E01032770,26
4719,E01004383,14
4720,E01004396,19
4721,E01004531,4
4722,E01000319,15
4723,E01000415,4
4724,E01000390,12
4725,E01000393,12
4726,E01000344,11
4727,E01000458,6
4728,E01000611,6
4729,E01000634,28
4730,E01000828,10
4731,E01000702,11
4732,E01000669,23
4733,E01000732,16
4734,E01000763,11
4735,E01000658,7
4736,E01001203,20
4737,E01001604,12
4738,E01001597,18
4739,E01001746,15
4740,E01002059,17
4741,E01002166,10
4742,E01002354,8
4743,E01002388,9
4744,E01002404,16
4745,E01002631,25
4746,E01033208,34
4747,E01003258,6
4748,E01003476,17
4749,E01003635,26
4750,E01003637,8
4751,E01003744,16
4752,E01003780,4
4753,E01003810,11
4754,E01004274,22
4755,E01000761,9
4756,E01000684,16
4757,E01001424,9
4758,E01001396,12
4759,E01001918,9
4760,E01002111,18
4761,E01002364,12
4762,E01002981,23
4763,E01002982,20
4764,E01002941,4
4765,E01003049,11
4766,E01003168,14
4767,E01003472,11
4768,E01003462,11
4769,E01003561,11
4770,E01003589,26
4771,E01003678,9
4772,E01000363,13
4773,E01000461,7
4774,E01000827,10
4775,E01001284,8
4776,E01001593,10
4777,E01001719,34
4778,E01002177,5
4779,E01002178,10
4780,E01003457,16
4781,E01003665,6
4782,E01003782,3
4783,E01004161,10
4784,E01004596,23
4785,E01000420,8
4786,E01000369,14
4787,E01000395,8
4788,E01000757,9
4789,E01001198,7
4790,E01001679,11
4791,E01001864,23
4792,E01003528,12
4793,E01003818,15
4794,E01000043,11
4795,E01000637,9
4796,E01000003,5
4797,E01001282,4
4798,E01001383,7
4799,E01001957,2
4800,E01002039,18
4801,E01004746,11
4802,E01000440,3
4803,E01000325,6
4804,E01000339,3
4805,E01000701,3
4806,E01000815,8
4807,E01002146,7
4808,E01003524,19
4809,E01001201,9
4810,E01003572,5
4811,E01033590,6
4812,E01003835,7
4813,E01000994,10
4814,E01002333,15
4815,E01002318,2
4816,E01003410,12
4817,E01002947,2
4818,E01003627,7
4819,E01000345,3
4820,E01000619,3
4821,E01004395,5
4822,E01000996,3
4823,E01001342,12
4824,E01002462,3
4825,E01000326,3
4826,E01000411,2
4827,E01004338,4
4828,E01000750,2
